Position,Name,Team,Total,WK1,WK2,WK3,WK4,WK5,WK6,WK7,WK8,WK9,WK10,WK11,WK12,Gender,Rank
1,Borys Shvets,Roklit,685,241,253,190,,,,,,,,,,Bot,Platinum
2,Eric Lemoine,,667,198,267,202,,,,,,,,,,Bot,Platinum
3,Jochen Hübner,,655,248,211,195,,,,,,,,,,Bot,Platinum
4,Russ Ashley,,652,203,261,188,,,,,,,,,,Bot,Platinum
5,Joshua Atkins,,651,211,217,223,,,,,,,,,,Bot,Platinum
6,Linus Keller,,646,240,235,171,,,,,,,,,,Bot,Platinum
7,Arthur Le Gros,,610,204,186,221,,,,,,,,,,Bot,Platinum
8,Jerald Barker,,587,206,178,202,,,,,,,,,,Bot,Platinum
9,Birger Hedegaard,eVOX,559,219,148,193,,,,,,,,,,Bot,Platinum
10,Dagbjart Jónsson,Kumori,549,147,206,196,,,,,,,,,,Bot,Platinum
11,Lon Huber,AI Thunder,548,269,279,,,,,,,,,,,Bot,Diamond
12,Rusty White,Dashix,531,249,282,,,,,,,,,,,Bot,Platinum
13,Minjun Ran,,529,174,172,183,,,,,,,,,,Bot,Platinum
14,Arseni Koplowitz,Hinal,524,266,258,,,,,,,,,,,Bot,Diamond
15,Tingtai Khong,,520,229,291,,,,,,,,,,,Bot,Diamond
16,Alexandre Peigne,Race3R,512,249,263,,,,,,,,,,,Male,Platinum
17,Guy McCall,Roklit,507,252,255,,,,,,,,,,,Bot,Diamond
18,Hassan Al-Khatib,,502,243,259,,,,,,,,,,,Bot,Platinum
19,Filip Černý,,493,226,267,,,,,,,,,,,Bot,Platinum
20,Dieter Mayer,,490,226,264,,,,,,,,,,,Bot,Platinum
21,Lenny Shaffer,Hector,489,246,243,,,,,,,,,,,Bot,Platinum
22,Dennis Edwards,,488,232,256,,,,,,,,,,,Bot,Platinum
23,Joseph Stein,,484,251,232,,,,,,,,,,,Bot,Platinum
24,Wendell Shannon,,480,235,246,,,,,,,,,,,Bot,Diamond
25,Xianquan Chau,,479,143,189,147,,,,,,,,,,Bot,Gold
26,Florian Girard,,469,218,252,,,,,,,,,,,Bot,Platinum
27,Allan Reyna,Saitama,469,222,247,,,,,,,,,,,Bot,Platinum
28,Manu Sola Arjona,,466,,241,226,,,,,,,,,,Male,Platinum
29,Monroe Pacheco,Patriot,453,202,250,,,,,,,,,,,Bot,Platinum
30,Dwayne Williams,eVOX,450,206,245,,,,,,,,,,,Bot,Platinum
31,Emil Kanev,,449,243,206,,,,,,,,,,,Bot,Platinum
32,Haruki Watanabe,AI Thunder,445,231,214,,,,,,,,,,,Bot,Platinum
33,Daniel Pereira,Capital,445,223,221,,,,,,,,,,,Bot,Platinum
34,Stephen Burgess,Formix,443,224,219,,,,,,,,,,,Bot,Platinum
35,Hugo Mathieu,,442,254,189,,,,,,,,,,,Bot,Platinum
36,Raymond Morel,,441,210,231,,,,,,,,,,,Bot,Platinum
37,Forrest Beck,,441,214,227,,,,,,,,,,,Bot,Platinum
38,Aadarsh Shrestha,,421,213,209,,,,,,,,,,,Bot,Platinum
39,Emilio Dougherty,Titans,420,192,228,,,,,,,,,,,Bot,Platinum
40,Roger Craig,,420,195,225,,,,,,,,,,,Bot,Platinum
41,Stan Richard,,419,208,211,,,,,,,,,,,Bot,Platinum
42,Daler Saidov,Fable,415,218,197,,,,,,,,,,,Bot,Platinum
43,Ron Crane,,414,190,224,,,,,,,,,,,Bot,Platinum
44,Maxime Fontaine,,414,198,216,,,,,,,,,,,Bot,Platinum
45,Szabolcs Nagy,YES,412,192,220,,,,,,,,,,,Bot,Platinum
46,André Martinez,,412,201,211,,,,,,,,,,,Bot,Gold
47,Matthew Salazar,Titans,407,208,,200,,,,,,,,,,Bot,Gold
48,George Clucas,Monova,407,184,222,,,,,,,,,,,Bot,Platinum
49,Marco Fortin,,405,227,178,,,,,,,,,,,Bot,Platinum
50,Jame Wood,,401,221,180,,,,,,,,,,,Bot,Platinum
51,Xavier Silva,,397,204,,194,,,,,,,,,,Bot,Gold
52,Yurui Ten,Windsail,395,182,213,,,,,,,,,,,Bot,Platinum
53,Augustine Conner,,394,188,206,,,,,,,,,,,Bot,Gold
54,Yoobin Pi,,386,190,195,,,,,,,,,,,Bot,Gold
55,Wilson Lewis,,382,246,137,,,,,,,,,,,Bot,Platinum
56,Gilbert Meyer,,378,187,191,,,,,,,,,,,Bot,Platinum
57,Miguel Bedoya,Ampex,378,141,236,,,,,,,,,,,Bot,Platinum
58,Elijah Smith,Patriot,375,200,175,,,,,,,,,,,Bot,Platinum
59,Nicolas Reyes,,373,,206,167,,,,,,,,,,Bot,Gold
60,Andres Romero,,371,232,139,,,,,,,,,,,Bot,Platinum
61,Jonathon Deleon,,368,139,230,,,,,,,,,,,Bot,Platinum
62,Marcel Bourgeois,,366,168,197,,,,,,,,,,,Bot,Platinum
63,Fraser Kinnaird,,357,176,181,,,,,,,,,,,Bot,Platinum
64,Francisco Matsinhe,,355,170,185,,,,,,,,,,,Bot,Platinum
65,Mykhailo Miroshnichenko,Eckleson,349,161,188,,,,,,,,,,,Bot,Platinum
66,Suleiman Krishnan,,344,180,,164,,,,,,,,,,Bot,Gold
67,Van Montgomery,,344,160,184,,,,,,,,,,,Bot,Platinum
68,Antonia Rios,,341,149,,192,,,,,,,,,,Bot,Gold
69,Adrian Wolf,,341,191,,150,,,,,,,,,,Bot,Gold
70,Joon Yeop,Eckleson,341,171,170,,,,,,,,,,,Bot,Platinum
71,Demeter Andreev,Patriot,332,125,208,,,,,,,,,,,Bot,Platinum
72,Ian Ortiz,AMO Solutions,331,156,176,,,,,,,,,,,Bot,Platinum
73,Glenn Lindberg,Orbit,329,130,200,,,,,,,,,,,Bot,Platinum
74,Pierre Kasongo,Eckleson,328,142,186,,,,,,,,,,,Bot,Platinum
75,Remo Spina,AI Thunder,325,175,150,,,,,,,,,,,Bot,Platinum
76,Theodore Burton,,324,166,158,,,,,,,,,,,Bot,Platinum
77,Sascha Walter,,323,189,133,,,,,,,,,,,Bot,Platinum
78,Luca Pinna,,323,167,156,,,,,,,,,,,Bot,Platinum
79,Jovan Rockov,Fiber Shot,319,,182,137,,,,,,,,,,Bot,Gold
80,Greg Trujillo,,318,132,,186,,,,,,,,,,Bot,Gold
81,Goran Ješić,Orbit,318,162,155,,,,,,,,,,,Bot,Gold
82,Marcos Soriano,,314,161,153,,,,,,,,,,,Bot,Platinum
83,Aldo Esposito,,314,144,170,,,,,,,,,,,Bot,Platinum
84,Kyeong Yeong,,309,158,152,,,,,,,,,,,Bot,Platinum
85,Joshua Burgess,Titans,308,150,159,,,,,,,,,,,Bot,Platinum
86,Daeho Baek,,306,158,147,,,,,,,,,,,Bot,Platinum
87,Joon Cheon,Hector,303,,166,136,,,,,,,,,,Bot,Gold
88,Jean-Luc Hill,Capital,300,156,144,,,,,,,,,,,Bot,Gold
89,Max Danielsen,Titans,299,,149,150,,,,,,,,,,Bot,Gold
90,Fernand Chevalier,,294,145,,149,,,,,,,,,,Bot,Gold
91,Santos Giles,Optech,288,,288,,,,,,,,,,,Bot,Platinum
92,Carlos Carmona,,288,139,149,,,,,,,,,,,Bot,Platinum
93,Paul  Watkins,TTT Project,285,,285,,,,,,,,,,,Male,Diamond
94,Borys Nesterenko,Meisterkuhl,273,,273,,,,,,,,,,,Bot,Platinum
95,Gregory Frison,M4shup Collective,271,271,,,,,,,,,,,,Male,Diamond
96,Philippe Fabre,,270,128,142,,,,,,,,,,,Bot,Platinum
97,Ritsu Sasaki,Saitama,270,,270,,,,,,,,,,,Bot,Platinum
98,Graham Brown,Fiber Shot,265,126,,139,,,,,,,,,,Bot,Silver
99,Malinda Farmer,,264,,144,121,,,,,,,,,,Bot,Silver
100,Jebediah Nielsen,Douvan,264,,264,,,,,,,,,,,Bot,Platinum
101,Rory Robertson,Titans,263,263,,,,,,,,,,,,Bot,Platinum
102,Nabil Anwar,,261,,261,,,,,,,,,,,Bot,Platinum
103,Dirk Segers,Moon Riders,260,,260,,,,,,,,,,,Male,Platinum
104,Anders Østergaard,Race3R,257,,257,,,,,,,,,,,Male,Platinum
105,Simo Vic,,256,256,,,,,,,,,,,,Male,Platinum
106,Chance Ramsey,,253,134,118,,,,,,,,,,,Bot,Gold
107,Florian Bertrand,Heat,252,,252,,,,,,,,,,,Bot,Diamond
108,Jackie Ventura,,249,,249,,,,,,,,,,,Bot,Platinum
109,Anthony dubre,Pedalers,247,247,,,,,,,,,,,,Male,Platinum
110,Mahdi Ghasemi,Orbit,244,244,,,,,,,,,,,,Bot,Platinum
111,Max Roman,Aguda,242,,242,,,,,,,,,,,Bot,Platinum
112,Jack Thomas,,240,,125,115,,,,,,,,,,Bot,Gold
113,Wout Mathieu,,240,,240,,,,,,,,,,,Bot,Platinum
114,Mark Skilling,Race3R,239,,239,,,,,,,,,,,Male,Platinum
115,Manuel Castro,,238,,238,,,,,,,,,,,Bot,Platinum
116,Seojoon Rim,Aria Olefson,238,238,,,,,,,,,,,,Bot,Platinum
117,Santiago Rivas,,236,123,,113,,,,,,,,,,Bot,Gold
118,Petar Liebowitz,Eckleson,236,236,,,,,,,,,,,,Bot,Gold
119,Marcin Pawlak,,235,235,,,,,,,,,,,,Bot,Platinum
120,Nils Sæter,Patriot,234,234,,,,,,,,,,,,Bot,Gold
121,Petar Liebowitz,Eckleson,234,,234,,,,,,,,,,,Bot,Platinum
122,Albert Krause,Fable,231,,231,,,,,,,,,,,Bot,Platinum
123,Oleg Subašić,Systech,230,230,,,,,,,,,,,,Bot,Platinum
124,Salvatore McConnell,Fiber Shot,228,228,,,,,,,,,,,,Bot,Gold
125,Samuel Pires,,228,,228,,,,,,,,,,,Bot,Platinum
126,Sebastian Ziółkowski,,224,,224,,,,,,,,,,,Bot,Platinum
127,Khurram Salem,AI Thunder,223,223,,,,,,,,,,,,Bot,Gold
128,Mussie Araya,,218,,,218,,,,,,,,,,Bot,Gold
129,Andreas Ziegler,,218,,218,,,,,,,,,,,Bot,Platinum
130,David White,,217,108,110,,,,,,,,,,,Bot,Bronze
131,Antoine Barbier,,216,216,,,,,,,,,,,,Bot,Platinum
132,Jason Lowe,YES,216,,,216,,,,,,,,,,Bot,Gold
133,Jose Martin,,215,215,,,,,,,,,,,,Bot,Platinum
134,Lukas Tuominen,,215,,215,,,,,,,,,,,Bot,Platinum
135,Lourdes Proctor,,214,,,214,,,,,,,,,,Bot,Gold
136,Lasse Schmidt,,212,,212,,,,,,,,,,,Bot,Platinum
137,Nathan De,,211,,,211,,,,,,,,,,Bot,Gold
138,Zach Farrell,,210,,210,,,,,,,,,,,Bot,Gold
139,Jackie Ventura,,210,210,,,,,,,,,,,,Bot,Gold
140,Edgars Krūmiņš,,209,,209,,,,,,,,,,,Bot,Platinum
141,Josef Jäger,Fiber Shot,209,,,209,,,,,,,,,,Bot,Gold
142,Tony Martin Lake,Wadenterror,209,,209,,,,,,,,,,,Male,Gold
143,Patrick Huber,,208,,208,,,,,,,,,,,Bot,Gold
144,Roy Jackson,,208,208,,,,,,,,,,,,Bot,Gold
145,Leonardo Marino,Capital,208,208,,,,,,,,,,,,Bot,Gold
146,Pietro Benedetti,Dashix,207,,,207,,,,,,,,,,Bot,Gold
147,Miguel Angel,,207,106,101,,,,,,,,,,,Male,Bronze
148,Jun Ōta,,206,206,,,,,,,,,,,,Bot,Gold
149,Jun’ichi Okada,,206,206,,,,,,,,,,,,Bot,Gold
150,Jakob Hilti,,205,,205,,,,,,,,,,,Bot,Platinum
151,Keith Ballard,,205,205,,,,,,,,,,,,Bot,Gold
152,Keoni Loeak,Delta,204,,204,,,,,,,,,,,Bot,Gold
153,henrik simonsen,Stjær e-Cycling,204,,204,,,,,,,,,,,Male,Gold
154,Kurt Angus,Allkin Racing,203,203,,0,,,,,,,,,,Male,Gold
155,Luis Guerrero,,203,,203,,,,,,,,,,,Bot,Diamond
156,Adam Stuart,,203,,203,,,,,,,,,,,Bot,Platinum
157,Jack Mahy,Base,202,,202,,,,,,,,,,,Bot,Platinum
158,Dávid Dudás,,202,,202,,,,,,,,,,,Bot,Gold
159,Kaique Correia,,201,201,,,,,,,,,,,,Bot,Gold
160,Ciprian Badea,,201,,201,,,,,,,,,,,Bot,Gold
161,Sergio Martin,Dashix,200,,,200,,,,,,,,,,Bot,Platinum
162,Lasse Ikonen,Sherpa,200,,200,,,,,,,,,,,Bot,Platinum
163,Mansour Salem,,200,,200,,,,,,,,,,,Bot,Platinum
164,Romain Lanners,,200,,200,,,,,,,,,,,Bot,Gold
165,Elaine Walker,Dashix,200,,111,89,,,,,,,,,,Bot,Silver
166,William Roberts,,199,199,,,,,,,,,,,,Bot,Gold
167,Tommy Benn,,199,,199,,,,,,,,,,,Bot,Gold
168,Christopher Dixon,Titans,199,199,,,,,,,,,,,,Bot,Gold
169,Elia Venturi,,198,,,198,,,,,,,,,,Bot,Gold
170,Erwin Kraus,,198,,198,,,,,,,,,,,Bot,Gold
171,Raymond Duenas,,197,,,197,,,,,,,,,,Bot,Gold
172,Barry Church,True Form,197,,197,,,,,,,,,,,Bot,Platinum
173,Emiliano Martini,,197,197,,,,,,,,,,,,Bot,Gold
174,Bas Van der Veen,Kumori,197,,197,,,,,,,,,,,Bot,Gold
175,Badr Al Mutairi,Krowen,197,197,,,,,,,,,,,,Bot,Gold
176,Scott Wright,,195,195,,,,,,,,,,,,Bot,Gold
177,Guy Khan,,195,,195,,,,,,,,,,,Bot,Gold
178,André Guerin,,195,195,,,,,,,,,,,,Bot,Platinum
179,Werner Kaiser,,195,,195,,,,,,,,,,,Bot,Platinum
180,Erwin Dougherty,,195,195,,,,,,,,,,,,Bot,Gold
181,David Prakash,,194,,,194,,,,,,,,,,Bot,Platinum
182,Arthur Clercq,,193,,193,,,,,,,,,,,Bot,Gold
183,Uli T,Race3R,193,193,,,,,,,,,,,,Male,Gold
184,Seung Ham,,193,,193,,,,,,,,,,,Bot,Gold
185,Herman Espinosa,,192,192,,,,,,,,,,,,Bot,Gold
186,Michael Franke,,192,,192,,,,,,,,,,,Bot,Platinum
187,Nico Winkler,Douvan,192,,,192,,,,,,,,,,Bot,Gold
188,Aleksandar Brašanac,Krowen,191,,191,,,,,,,,,,,Bot,Gold
189,Hans Watson,,190,,190,,,,,,,,,,,Bot,Gold
190,Even Lien,,190,,,190,,,,,,,,,,Bot,Gold
191,Juan Mamani,True Form,190,,,190,,,,,,,,,,Bot,Gold
192,Lazaro Delgado,,190,190,,,,,,,,,,,,Bot,Platinum
193,Kenneth Pettersson,Ampex,189,,189,,,,,,,,,,,Bot,Platinum
194,Alexandre Mathieu,,188,,188,,,,,,,,,,,Bot,Gold
195,Konstantinos Pappas,,188,188,,,,,,,,,,,,Bot,Gold
196,Ton Dekker,,188,,,188,,,,,,,,,,Bot,Gold
197,Hyuk So,,188,,,188,,,,,,,,,,Bot,Gold
198,Frits Kristensen,Heat,187,187,,,,,,,,,,,,Bot,Platinum
199,Steven Iqbal,,187,,187,,,,,,,,,,,Bot,Gold
200,Kartik Mishra,Dashix,186,186,,,,,,,,,,,,Bot,Gold
201,Mathéo Desmet,,186,,186,,,,,,,,,,,Bot,Gold
202,Raya Anwar,,186,186,,,,,,,,,,,,Bot,Gold
203,Stepan Kostenko,Meisterkuhl,186,,,186,,,,,,,,,,Bot,Gold
204,Henry Gumbs,,185,,,185,,,,,,,,,,Bot,Gold
205,Aleksandar Šverko,,184,,184,,,,,,,,,,,Bot,Gold
206,Bert Verhoeven,Dashix,184,184,,,,,,,,,,,,Bot,Gold
207,Astrid Nordström,Monova,184,,184,,,,,,,,,,,Bot,Gold
208,Chunghee Cha,,184,184,,,,,,,,,,,,Bot,Gold
209,Hugh Carlson,,184,,,184,,,,,,,,,,Bot,Gold
210,Tapio Salminen,Meisterkuhl,183,,,183,,,,,,,,,,Bot,Gold
211,Nils Sæter,Patriot,183,,183,,,,,,,,,,,Bot,Platinum
212,Joseph Leroy,,182,,182,,,,,,,,,,,Bot,Gold
213,Robert Kennedy,HCOM,182,,182,,,,,,,,,,,Bot,Diamond
214,Niilo Lindholm,,182,182,,,,,,,,,,,,Bot,Gold
215,Anton Lehmann,Saint,182,,,182,,,,,,,,,,Bot,Gold
216,Emil Pilc,Systech,181,181,,,,,,,,,,,,Bot,Gold
217,Dennis Van Dam,Heat,181,,,181,,,,,,,,,,Bot,Gold
218,Bruno Roger,,181,,,181,,,,,,,,,,Bot,Gold
219,Po Testa,,180,,180,,,,,,,,,,,Bot,Gold
220,Boyd Soto,Delta,180,,,180,,,,,,,,,,Bot,Silver
221,Goran Lulić,,179,,179,,,,,,,,,,,Bot,Gold
222,Igor Jastrow,AMO Solutions,179,179,,,,,,,,,,,,Bot,Gold
223,Deo Nsengiyumva,HCOM,179,,,179,,,,,,,,,,Bot,Gold
224,Adam Mizzi,Kumori,179,179,,,,,,,,,,,,Bot,Platinum
225,Lionel Martel,,179,179,,,,,,,,,,,,Bot,Platinum
226,Holger Graf,Fable,179,,,179,,,,,,,,,,Bot,Gold
227,Keven Kaiser,,178,,178,,,,,,,,,,,Bot,Gold
228,Liam Mungroo,Eckleson,178,178,,,,,,,,,,,,Bot,Gold
229,Marco Klein,,178,,,178,,,,,,,,,,Bot,Gold
230,Frederic Simpson,Nuvio,177,,177,,,,,,,,,,,Bot,Gold
231,Zhengyu Loong,,177,177,,,,,,,,,,,,Bot,Gold
232,Ulf Ekström,Eckleson,177,,,177,,,,,,,,,,Bot,Gold
233,Byron Henson,,176,,,176,,,,,,,,,,Bot,Gold
234,Adrian Lorenzo,Dashix,176,,176,,,,,,,,,,,Bot,Gold
235,Victor Soriano,,175,,,175,,,,,,,,,,Bot,Gold
236,Håkan Hedlund,,175,175,,,,,,,,,,,,Bot,Gold
237,Brent Frederick,Titans,175,,175,,,,,,,,,,,Bot,Gold
238,Viktor Magnusson,,175,,,175,,,,,,,,,,Bot,Silver
239,Johan Londoño,,175,175,,,,,,,,,,,,Bot,Gold
240,Gil Payne,,174,,,174,,,,,,,,,,Bot,Gold
241,Roger Johansen,,173,,,173,,,,,,,,,,Bot,Silver
242,Kian König,,173,,173,,,,,,,,,,,Bot,Gold
243,Stefan Groß,,173,173,,,,,,,,,,,,Bot,Gold
244,Geoffrey Wallace,True Form,173,,173,,,,,,,,,,,Bot,Gold
245,Mathys Aerts,Fiber Shot,173,,,173,,,,,,,,,,Bot,Gold
246,Ross Davies,True Form,173,173,,,,,,,,,,,,Bot,Gold
247,Ernests Riekstiņš,,172,,,172,,,,,,,,,,Bot,Gold
248,Santiago Londoño,Systech,171,,,171,,,,,,,,,,Bot,Gold
249,Emilio Hudson,Fiber Shot,171,,171,,,,,,,,,,,Bot,Gold
250,Frits Krog,Systech,171,,171,,,,,,,,,,,Bot,Silver
251,Colin York,,171,171,,,,,,,,,,,,Bot,Gold
252,Magnus Arvidsson,,171,,171,,,,,,,,,,,Bot,Gold
253,Banri Takata,,171,171,,,,,,,,,,,,Bot,Gold
254,Marc Van der Linden,Orbit,169,,,169,,,,,,,,,,Bot,Gold
255,Harold Stanton,Monova,169,,169,,,,,,,,,,,Bot,Silver
256,Warren Bass,Krowen,169,,,169,,,,,,,,,,Bot,Gold
257,Elie Ndayizeye,Windsail,169,,169,,,,,,,,,,,Bot,Gold
258,Tun Win,,169,,,169,,,,,,,,,,Bot,Gold
259,Yiannakis Demosthenous,Windsail,169,,169,,,,,,,,,,,Bot,Gold
260,Anaïs Michel,Base,168,168,,,,,,,,,,,,Bot,Gold
261,Megumi Takata,Saitama,168,,168,,,,,,,,,,,Bot,Silver
262,Vladislav Mihaylov,,167,,167,,,,,,,,,,,Male,Silver
263,Raymundo Page,Aria Olefson,167,,,167,,,,,,,,,,Bot,Silver
264,Stephan Kaiser,,167,,167,,,,,,,,,,,Bot,Gold
265,Guadalupe Robles,,167,,167,,,,,,,,,,,Bot,Platinum
266,Hiro Kinoshita,,167,,167,,,,,,,,,,,Bot,Platinum
267,Ludovic Giorgi,,167,167,,,,,,,,,,,,Bot,Gold
268,Egon Mogensen,Saint,167,,,167,,,,,,,,,,Bot,Gold
269,Jamil Ansari,,166,166,,,,,,,,,,,,Bot,Gold
270,Carl Leduc,Nuvio,166,166,,,,,,,,,,,,Bot,Platinum
271,Leonidas Dimitriadis,,166,,166,,,,,,,,,,,Bot,Silver
272,Lasse Klier,,166,,166,,,,,,,,,,,Male,Silver
273,Asger Lindberg,,165,,,165,,,,,,,,,,Bot,Gold
274,Jacek Urbański,Aria Olefson,165,,165,,,,,,,,,,,Bot,Gold
275,Isamu Noguchi,,165,165,,,,,,,,,,,,Bot,Gold
276,Salim Al-Riyami,,164,,,164,,,,,,,,,,Bot,Gold
277,Eelis Pitkänen,,164,,164,,,,,,,,,,,Bot,Gold
278,Anthony Arnaud,,164,,164,,,,,,,,,,,Bot,Platinum
279,Emmanuel Mensah,,164,,164,,,,,,,,,,,Bot,Platinum
280,Felipe Galvez,Capital,164,,164,,,,,,,,,,,Bot,Silver
281,Albin Jonsson,,164,164,,,,,,,,,,,,Bot,Gold
282,Sebastian Lang,Heat,164,,164,,,,,,,,,,,Bot,Silver
283,Célia Schmitz,Patriot,164,70,94,,,,,,,,,,,Bot,Bronze
284,Thomas Helveg,Pure Power,163,,,163,,,,,,,,,,Male,Gold
285,Matej Đurasović,,163,163,,,,,,,,,,,,Bot,Platinum
286,Thad Franklin,,162,,162,,,,,,,,,,,Bot,Gold
287,Max Cunningham,Dashix,162,,162,,,,,,,,,,,Bot,Silver
288,Mamadou Diallo,,162,,,162,,,,,,,,,,Bot,Gold
289,Danial Vega,Systech,162,,162,,,,,,,,,,,Bot,Silver
290,Kilian Hahn,eVOX,162,,162,,,,,,,,,,,Bot,Silver
291,Martin Lozano,,162,,,162,,,,,,,,,,Bot,Gold
292,Nehorai Tal,,162,,162,,,,,,,,,,,Bot,Gold
293,Risto Aalto,,162,162,,,,,,,,,,,,Bot,Gold
294,Dan Thomas,,161,,,161,,,,,,,,,,Bot,Gold
295,Nikola Serdarušić,,161,,161,,,,,,,,,,,Bot,Platinum
296,Rodolfo Soto,Optech,161,,161,,,,,,,,,,,Bot,Silver
297,Wout Lejeune,Roklit,160,,160,,,,,,,,,,,Bot,Silver
298,Chinmae Bae,Nuvio,160,,160,,,,,,,,,,,Bot,Silver
299,Yosyp Makarenko,Nuvio,160,160,,,,,,,,,,,,Bot,Gold
300,Henk Visser,,160,,160,,,,,,,,,,,Bot,Gold
301,Thiago Rodriguez,,160,,,160,,,,,,,,,,Bot,Gold
302,Michael Vermeulen,Krowen,160,,160,,,,,,,,,,,Bot,Gold
303,Ismo Rissanen,Nitro,160,,,160,,,,,,,,,,Bot,Gold
304,Toby Vu,Hector,160,160,,,,,,,,,,,,Bot,Gold
305,Corrado Fusco,,159,,,159,,,,,,,,,,Bot,Gold
306,Mike hurley,Team Otterhaus/Kelley Acres,159,159,,,,,,,,,,,,Male,Silver
307,Philipp Marxer,Saitama,159,,159,,,,,,,,,,,Bot,Silver
308,Jos Van Vliet,Aguda,159,,159,,,,,,,,,,,Bot,Silver
309,Nicolas Leclercq,,159,,159,,,,,,,,,,,Bot,Silver
310,Jonas Tredemy,,159,,,159,,,,,,,,,,Male,Silver
311,Carlos Valencia,Nitro,158,158,,,,,,,,,,,,Bot,Platinum
312,Kai Schulz,,158,158,,,,,,,,,,,,Bot,Gold
313,Noe Mcbride,,158,,158,,,,,,,,,,,Bot,Gold
314,Bert Van Dijk,,158,,,158,,,,,,,,,,Bot,Silver
315,Enzo Fontaine,,158,,158,,,,,,,,,,,Bot,Gold
316,Darren Harris,,157,157,,,,,,,,,,,,Bot,Gold
317,Benvolio Venturi,True Form,157,,,157,,,,,,,,,,Bot,Gold
318,Sho Takahashi,Patriot,157,157,,,,,,,,,,,,Bot,Silver
319,Theo Clarke,Aspire,157,,,157,,,,,,,,,,Bot,Gold
320,Theron Wheeler,Patriot,157,,157,,,,,,,,,,,Bot,Silver
321,Norman Kaiser,,157,,157,,,,,,,,,,,Bot,Silver
322,Matagi Tupulua,Zonkify,157,,157,,,,,,,,,,,Bot,Silver
323,Valentín Rojas,,157,,,157,,,,,,,,,,Bot,Gold
324,Boyd Townsend,AMO Solutions,156,,,156,,,,,,,,,,Bot,Silver
325,Adam Collard,Aria Olefson,156,,156,,,,,,,,,,,Bot,Gold
326,Kazimir Jursitzky,,156,156,,,,,,,,,,,,Bot,Platinum
327,Jochen Koch,Eckleson,156,156,,,,,,,,,,,,Bot,Silver
328,Sergei Kask,,156,,156,,,,,,,,,,,Bot,Silver
329,Ivory Garcia,,155,,,155,,,,,,,,,,Bot,Silver
330,Galileo Mancini,Monova,155,,155,,,,,,,,,,,Bot,Silver
331,Jan Sadowski,,155,155,,,,,,,,,,,,Bot,Gold
332,Juan Carlos Rosendo,Capital,155,,,155,,,,,,,,,,Bot,Gold
333,Andrej Pakula,,155,,155,,,,,,,,,,,Bot,Silver
334,Isaiah Villanueva,,155,,,155,,,,,,,,,,Bot,Gold
335,Richard De Jonge,,155,155,,,,,,,,,,,,Bot,Platinum
336,Gustav Henriksson,,154,154,,,,,,,,,,,,Bot,Silver
337,Terrell Ruiz,Base,154,,154,,,,,,,,,,,Bot,Silver
338,Ioannis Kyriacou,,154,,,154,,,,,,,,,,Bot,Gold
339,Michael Griffith,,154,154,,,,,,,,,,,,Bot,Gold
340,Nestor Rosas,HCOM,154,,154,,,,,,,,,,,Bot,Gold
341,Sheikh Nair,,154,,,154,,,,,,,,,,Bot,Silver
342,Leao Kramer,Fiber Shot,153,,153,,,,,,,,,,,Bot,Silver
343,Yuto Okada,Fiber Shot,153,,153,,,,,,,,,,,Bot,Silver
344,Niran Boonmee,,153,,,153,,,,,,,,,,Bot,Gold
345,Alan Velasquez,,153,,153,,,,,,,,,,,Bot,Gold
346,Christian Svensson,,153,153,,,,,,,,,,,,Bot,Platinum
347,Michael Van Dam,,153,153,,,,,,,,,,,,Bot,Gold
348,Antonio Lima,,153,,,153,,,,,,,,,,Bot,Gold
349,Bryan Carneiro,,152,152,,,,,,,,,,,,Bot,Silver
350,Anton Milovanov,,152,,152,,,,,,,,,,,Bot,Silver
351,Matthew Ekwona,,152,152,,,,,,,,,,,,Bot,Platinum
352,Reid Hammond,,152,,,152,,,,,,,,,,Bot,Silver
353,Adam Wilk,Aria Olefson,152,,,152,,,,,,,,,,Bot,Silver
354,Judson Richard,,152,,152,,,,,,,,,,,Bot,Silver
355,Sven Nordin,Saitama,152,152,,,,,,,,,,,,Bot,Gold
356,Sungmin Choe,Windsail,152,,152,,,,,,,,,,,Bot,Silver
357,George Kenny,,152,,152,,,,,,,,,,,Bot,Gold
358,Koji Ōtsuka,,151,,,151,,,,,,,,,,Bot,Gold
359,Marty Mendoza,,151,,151,,,,,,,,,,,Bot,Gold
360,Oliwier Jasiński,,151,151,,,,,,,,,,,,Bot,Gold
361,Esther Asumu,Aspire,151,151,,,,,,,,,,,,Bot,Silver
362,Firas Al,,151,,151,,,,,,,,,,,Male,Silver
363,Mohamed Martin,,150,,150,,,,,,,,,,,Bot,Silver
364,Nick Patel,Titans,150,,150,,,,,,,,,,,Bot,Silver
365,Dwayne Mann,,150,,,150,,,,,,,,,,Bot,Gold
366,Lorenzo Sullivan,Zonkify,150,150,,,,,,,,,,,,Bot,Platinum
367,Hiram Cain,,149,,149,,,,,,,,,,,Bot,Gold
368,Adrian Guzmán,Meisterkuhl,149,149,,,,,,,,,,,,Bot,Silver
369,Miriam de,,149,,149,,,,,,,,,,,Bot,Silver
370,Glen Dupuis,,149,149,,,,,,,,,,,,Bot,Gold
371,Jaxon White,,149,,,149,,,,,,,,,,Bot,Silver
372,Henry ONeill,,148,,148,,,,,,,,,,,Bot,Silver
373,Dominique Roche,,148,,,148,,,,,,,,,,Bot,Gold
374,Vernon Creque,Zonkify,148,,148,,,,,,,,,,,Bot,Silver
375,David Wallin,Titans,148,148,,,,,,,,,,,,Bot,Gold
376,Marjolein Koster,,148,,,148,,,,,,,,,,Bot,Silver
377,Tausia Panapa,Fujikai,147,147,,,,,,,,,,,,Bot,Silver
378,Kálmán Deák,Saitama,147,147,,,,,,,,,,,,Bot,Gold
379,Rosa Marinho,Sherpa,147,,147,,,,,,,,,,,Bot,Silver
380,Kamil Ješić,,147,,147,,,,,,,,,,,Bot,Gold
381,Julius König,,147,,,147,,,,,,,,,,Bot,Silver
382,Jerry Elliott,,147,147,,,,,,,,,,,,Bot,Platinum
383,Igor Kosecki,Patriot,147,,147,,,,,,,,,,,Bot,Gold
384,Ben Vachon,Nitro,147,,147,,,,,,,,,,,Bot,Silver
385,Judson Cook,,146,146,,,,,,,,,,,,Bot,Gold
386,Natália Domingues,Formix,146,,146,,,,,,,,,,,Bot,Silver
387,Paul Mamea,,146,146,,,,,,,,,,,,Bot,Silver
388,Emi Nakagawa,Ampex,146,,77,68,,,,,,,,,,Bot,Bronze
389,Paul Levoa,Roklit,146,,,146,,,,,,,,,,Bot,Gold
390,Hanna Ahmed,,145,,145,,,,,,,,,,,Bot,Silver
391,Antony Preston,,145,,,145,,,,,,,,,,Bot,Gold
392,Chinhwa Myeong,Base,145,145,,,,,,,,,,,,Bot,Platinum
393,Julian Collard,Formix,145,,,145,,,,,,,,,,Bot,Silver
394,Børge Overgaard,,145,,,145,,,,,,,,,,Bot,Gold
395,Charles Legrand,YES,145,,145,,,,,,,,,,,Bot,Gold
396,Valeriya Mezulić,Orbit,145,,145,,,,,,,,,,,Bot,Silver
397,Michael Goertemoeller,DIRT,145,,145,,,,,,,,,,,Male,Platinum
398,Max Schäfer,,144,,144,,,,,,,,,,,Bot,Silver
399,Ernest Ball,Saint,144,144,,,,,,,,,,,,Bot,Gold
400,Dafydd Richards,,144,144,,,,,,,,,,,,Bot,Silver
401,Insu Gal,Aguda,144,,,144,,,,,,,,,,Bot,Silver
402,Even Johansen,,143,,,143,,,,,,,,,,Bot,Gold
403,Tapio Partanen,,143,,,143,,,,,,,,,,Bot,Gold
404,Stefan Kirilov,,143,,,143,,,,,,,,,,Bot,Silver
405,Gladis Rivera,,143,,143,,,,,,,,,,,Bot,Silver
406,Charles Friesen,,143,,143,,,,,,,,,,,Bot,Gold
407,Els Van Dam,Kumori,143,,143,,,,,,,,,,,Bot,Silver
408,Gennaro Ruggeri,,142,142,,,,,,,,,,,,Bot,Silver
409,Andrej Krstičić,,142,,142,,,,,,,,,,,Bot,Gold
410,Akira Wada,,142,142,,,,,,,,,,,,Bot,Gold
411,Jhon Rodriguez,Fable,142,,142,,,,,,,,,,,Bot,Silver
412,Kian Fuchs,,142,,,142,,,,,,,,,,Bot,Silver
413,Gina Miyamoto,Base,141,,141,,,,,,,,,,,Bot,Silver
414,Emanuel Stephenson,Optech,141,,,141,,,,,,,,,,Bot,Gold
415,Ton Van der Linden,Eckleson,141,,,141,,,,,,,,,,Bot,Gold
416,Timur Barat,eVOX,141,,,141,,,,,,,,,,Bot,Gold
417,Ari Lahtinen,eVOX,141,,141,,,,,,,,,,,Bot,Silver
418,Landon Portillo,,141,141,,,,,,,,,,,,Bot,Silver
419,Kevin Medina,,141,141,,,,,,,,,,,,Bot,Gold
420,Serge Leroux,Fiber Shot,141,,141,,,,,,,,,,,Bot,Gold
421,Aakar Bhandari,Heat,140,,140,,,,,,,,,,,Bot,Silver
422,Clara Garcia,,140,,,140,,,,,,,,,,Bot,Silver
423,Jaap Van Dijk,Kumori,140,140,,,,,,,,,,,,Bot,Gold
424,Tyson Hahn,Saint,140,,140,,,,,,,,,,,Bot,Gold
425,Nasser Pillai,,140,140,,,,,,,,,,,,Bot,Gold
426,Max Baudains,,140,,140,,,,,,,,,,,Bot,Silver
427,Christodoulos Constantinides,eVOX,139,,139,,,,,,,,,,,Bot,Platinum
428,Wim Jansen,,139,,,139,,,,,,,,,,Bot,Gold
429,Jason Leroy,,139,139,,,,,,,,,,,,Bot,Silver
430,Cai Davies,Formix,139,,139,,,,,,,,,,,Bot,Silver
431,Line Isaksen,Base,139,,139,,,,,,,,,,,Bot,Silver
432,Chessa Moskovics,,139,,,139,,,,,,,,,,Bot,Silver
433,Sten Michaelsen,,139,139,,,,,,,,,,,,Bot,Gold
434,Kazimir Ramović,Hinal,139,,,139,,,,,,,,,,Bot,Gold
435,Ingrid Peters,Patriot,138,,138,,,,,,,,,,,Bot,Gold
436,Bart De Groot,,138,,138,,,,,,,,,,,Bot,Gold
437,Gethin Smith,,138,,138,,,,,,,,,,,Bot,Silver
438,Fotios Ioannou,Fujikai,138,138,,,,,,,,,,,,Bot,Gold
439,Lucien Lalonde,,138,138,,,,,,,,,,,,Bot,Gold
440,Ian Hall,Dashix,138,138,,,,,,,,,,,,Bot,Silver
441,Rudy Hernandez,,137,,137,,,,,,,,,,,Bot,Silver
442,Po Orlando,,137,,,137,,,,,,,,,,Bot,Silver
443,Issoufou Ahmada,,137,,137,,,,,,,,,,,Bot,Silver
444,Fannie Delgado,,137,,,137,,,,,,,,,,Bot,Silver
445,Given Banda,,136,136,,,,,,,,,,,,Bot,Gold
446,Gabrielius Kazlauskas,HCOM,136,,136,,,,,,,,,,,Bot,Platinum
447,Onni Kettunen,,136,136,,,,,,,,,,,,Bot,Platinum
448,Dobromira Markova,,136,,136,,,,,,,,,,,Bot,Gold
449,Melvin Fuller,,136,,136,,,,,,,,,,,Bot,Silver
450,Birgitte Eide,,136,136,,,,,,,,,,,,Bot,Silver
451,Dustin Andrews,Nuvio,136,,136,,,,,,,,,,,Bot,Gold
452,Ramon Miles,,136,136,,,,,,,,,,,,Bot,Gold
453,Edgar Felix,Roklit,136,,136,,,,,,,,,,,Bot,Silver
454,Chana Laviy,,135,,,135,,,,,,,,,,Bot,Silver
455,Alessio Dal,,135,,135,,,,,,,,,,,Bot,Silver
456,Jörgen Gustavsson,,135,,,135,,,,,,,,,,Bot,Silver
457,Heiko Richter,,135,,,135,,,,,,,,,,Bot,Gold
458,Eetu Lindholm,,134,,134,,,,,,,,,,,Bot,Silver
459,Rosario Patterson,,134,134,,,,,,,,,,,,Bot,Silver
460,Hakan Çalişkan,,134,,134,,,,,,,,,,,Bot,Gold
461,Levi Glass,,134,,,134,,,,,,,,,,Bot,Gold
462,Branko Kaniuk,AMO Solutions,134,,,134,,,,,,,,,,Bot,Silver
463,Vera Calado,,134,,134,,,,,,,,,,,Bot,Silver
464,Matej Rebić,Monova,134,,134,,,,,,,,,,,Bot,Silver
465,Daishi Abe,,134,134,,,,,,,,,,,,Bot,Platinum
466,Alexey Smagulov,,134,,134,,,,,,,,,,,Bot,Gold
467,Annie David,AI Thunder,133,133,,,,,,,,,,,,Bot,Gold
468,Ruben Vargas,,133,,,133,,,,,,,,,,Bot,Silver
469,Sara Napolitano,,133,,,133,,,,,,,,,,Bot,Gold
470,Nils Blom,,133,,133,,,,,,,,,,,Bot,Silver
471,Jérôme Payet,Douvan,133,133,,,,,,,,,,,,Bot,Silver
472,Guy Kongbo,Capital,132,132,,,,,,,,,,,,Bot,Gold
473,Jia-Li Luo,Patriot,132,,,132,,,,,,,,,,Bot,Gold
474,Ramon Torres,,132,,132,,,,,,,,,,,Bot,Silver
475,Thomas Dowiyogo,,132,,132,,,,,,,,,,,Bot,Silver
476,Víctor Dinis,Titans,132,,132,,,,,,,,,,,Bot,Gold
477,Aatos Hakkarainen,,132,,,132,,,,,,,,,,Bot,Gold
478,Mario Manuel,,131,,131,,,,,,,,,,,Bot,Gold
479,Maria Soriano,,131,131,,,,,,,,,,,,Bot,Gold
480,Tiago Queirós,Patriot,131,,,131,,,,,,,,,,Bot,Gold
481,Mary Delai,,131,131,,,,,,,,,,,,Bot,Silver
482,Stefanos Panagiotopoulos,Eckleson,131,131,,,,,,,,,,,,Bot,Platinum
483,Hillary Acosta,Nuvio,131,,131,,,,,,,,,,,Bot,Silver
484,Dilan Contreras,,131,,,131,,,,,,,,,,Bot,Gold
485,Viraj Choudhary,,130,,,130,,,,,,,,,,Bot,Gold
486,Eino Seppälä,,130,,130,,,,,,,,,,,Bot,Silver
487,Jody Rush,Nuvio,130,,130,,,,,,,,,,,Bot,Silver
488,Sam Henry,,130,130,,,,,,,,,,,,Bot,Gold
489,Gracie Silva,,130,,130,,,,,,,,,,,Bot,Gold
490,Sheikh Rajan,Meisterkuhl,129,129,,,,,,,,,,,,Bot,Silver
491,Felix Hurst,,129,,,129,,,,,,,,,,Bot,Gold
492,Chinhwa Dang,Orbit,129,,129,,,,,,,,,,,Bot,Gold
493,Rasmus Leppänen,,129,,,129,,,,,,,,,,Bot,Gold
494,Juan Molina,,129,,129,,,,,,,,,,,Bot,Silver
495,Faustino Meyer,,129,129,,,,,,,,,,,,Bot,Gold
496,Yong West,,129,,,129,,,,,,,,,,Bot,Gold
497,Helmi Lahtinen,,129,,,129,,,,,,,,,,Bot,Silver
498,Madeleine Payet,Orbit,129,,129,,,,,,,,,,,Bot,Silver
499,Louisa Pollard,,128,,128,,,,,,,,,,,Bot,Silver
500,Hugo Schmitt,,128,128,,,,,,,,,,,,Bot,Gold
501,Tanner Dominguez,,128,128,,,,,,,,,,,,Bot,Silver
502,Vernon Creque,Zonkify,127,,127,,,,,,,,,,,Bot,Gold
503,Masao Hayashi,Orbit,127,,127,,,,,,,,,,,Bot,Silver
504,Lupe Acevedo,Dashix,127,,,127,,,,,,,,,,Bot,Silver
505,André Alves,,127,,,127,,,,,,,,,,Bot,Silver
506,Tukua Ha'apai,AMO Solutions,127,,127,,,,,,,,,,,Bot,Gold
507,Philipp Jansen,,127,,127,,,,,,,,,,,Bot,Silver
508,Kenshin Ueta,,127,,,127,,,,,,,,,,Bot,Gold
509,Tom Schreiner,,127,127,,,,,,,,,,,,Bot,Gold
510,Lana Schmid,,127,,127,,,,,,,,,,,Bot,Silver
511,Cherie Garrett,Nitro,126,,,126,,,,,,,,,,Bot,Silver
512,Ton De Vries,,126,126,,,,,,,,,,,,Bot,Gold
513,Latifa Hajar,,126,,126,,,,,,,,,,,Bot,Silver
514,Aarni Tuominen,Douvan,125,,,125,,,,,,,,,,Bot,Silver
515,Martin Krajewski,True Form,125,,125,,,,,,,,,,,Bot,Silver
516,Nitai Goldstein,,125,,125,,,,,,,,,,,Bot,Gold
517,Carl Valenzuela,,125,,125,,,,,,,,,,,Bot,Silver
518,Fatou Njie,,125,125,,,,,,,,,,,,Bot,Gold
519,Luis Morales,,125,,,125,,,,,,,,,,Bot,Gold
520,Thomas Schubert,Sherpa,124,,,124,,,,,,,,,,Bot,Gold
521,Lea Schulz,Meisterkuhl,124,124,,,,,,,,,,,,Bot,Silver
522,Charlotta Engström,Nitro,124,,,124,,,,,,,,,,Bot,Gold
523,David Busch,,124,,124,,,,,,,,,,,Bot,Silver
524,Ahmed Al-Ali,HCOM,123,,123,,,,,,,,,,,Bot,Silver
525,Buwan Cruz,,123,,,123,,,,,,,,,,Bot,Silver
526,Gino Marini,Titans,123,,123,,,,,,,,,,,Bot,Silver
527,Blaine Cain,,123,,123,,,,,,,,,,,Bot,Gold
528,Simon Sauer,Meisterkuhl,123,123,,,,,,,,,,,,Bot,Silver
529,Jim Wilson,,123,,123,,,,,,,,,,,Bot,Gold
530,Joseph Kramer,,122,122,,,,,,,,,,,,Bot,Gold
531,Ane Boesen,,122,,,122,,,,,,,,,,Bot,Gold
532,Beihe Khew,Zonkify,122,,,122,,,,,,,,,,Bot,Silver
533,Niyaz Shaheen,,122,,,122,,,,,,,,,,Bot,Gold
534,Léa Roussel,Aguda,122,,122,,,,,,,,,,,Bot,Silver
535,Nathaniel Pierce,,122,,122,,,,,,,,,,,Bot,Silver
536,Vitor Guerreiro,,121,121,,,,,,,,,,,,Bot,Gold
537,Mary Foster,,121,,121,,,,,,,,,,,Bot,Silver
538,Akira Miura,AMO Solutions,121,,,121,,,,,,,,,,Bot,Gold
539,Marcie David,,121,121,,,,,,,,,,,,Bot,Silver
540,Andrej Pakula,,121,,121,,,,,,,,,,,Bot,Gold
541,Jerry Ross,,120,,120,,,,,,,,,,,Bot,Gold
542,Darijo Sedej,Heat,120,,120,,,,,,,,,,,Bot,Silver
543,Dirk Rabenstein,,120,120,,,,,,,,,,,,Bot,Gold
544,Manuel Schäfer,,120,,,120,,,,,,,,,,Bot,Gold
545,Johan Ibrahim,,120,,120,,,,,,,,,,,Bot,Silver
546,Kole Ha'unga,eVOX,119,,119,,,,,,,,,,,Bot,Silver
547,Lasse Böhm,Aria Olefson,119,119,,,,,,,,,,,,Bot,Silver
548,Per Ali,,119,119,,,,,,,,,,,,Bot,Gold
549,Joshua Hendrickx,,119,,,119,,,,,,,,,,Bot,Gold
550,Chikako Yamaguchi,AMO Solutions,119,,,119,,,,,,,,,,Bot,Silver
551,Barbara Leblanc,Douvan,119,,119,,,,,,,,,,,Bot,Silver
552,Francis Fabre,,119,,119,,,,,,,,,,,Bot,Gold
553,Odis Romero,,118,,118,,,,,,,,,,,Bot,Silver
554,Raimo Rautiainen,Windsail,118,118,,,,,,,,,,,,Bot,Gold
555,Dexter Williamson,,118,,,118,,,,,,,,,,Bot,Silver
556,Rosa Leclerc,Aguda,118,,118,,,,,,,,,,,Bot,Silver
557,Ilse Kuipers,,118,118,,,,,,,,,,,,Bot,Silver
558,Olga Grabowska,,117,,,117,,,,,,,,,,Bot,Silver
559,Norman Carlson,,117,,,117,,,,,,,,,,Bot,Silver
560,Noble Blanchard,,117,117,,,,,,,,,,,,Bot,Gold
561,Bill Cantu,AI Thunder,117,,117,,,,,,,,,,,Bot,Silver
562,Thiago Fernández,,117,,117,,,,,,,,,,,Bot,Silver
563,Ben Hughes,,116,,116,,,,,,,,,,,Bot,Gold
564,Salvatore Perrone,,116,,116,,,,,,,,,,,Bot,Gold
565,Romeo Luna,Fiber Shot,116,116,,,,,,,,,,,,Bot,Silver
566,Espen Hagen,,116,,,116,,,,,,,,,,Bot,Silver
567,Diego Maroto,,116,,116,,,,,,,,,,,Bot,Silver
568,Stan Barajas,,116,116,,,,,,,,,,,,Bot,Gold
569,Rowena Turner,,116,,,116,,,,,,,,,,Bot,Silver
570,Stuart Macrae,Sherpa,115,,115,,,,,,,,,,,Bot,Silver
571,Neithan Carrizo,,115,,115,,,,,,,,,,,Bot,Silver
572,Nolan Harvey,Zonkify,115,115,,,,,,,,,,,,Bot,Gold
573,Ivan Thomsen,,114,114,,,,,,,,,,,,Bot,Silver
574,Ulysses Cantu,Heat,114,,114,,,,,,,,,,,Bot,Gold
575,Emmanouil Athanasiadis,,114,,114,,,,,,,,,,,Bot,Silver
576,Bogdana Bachinsky,,114,,,114,,,,,,,,,,Bot,Silver
577,Rocco Dal,,114,,114,,,,,,,,,,,Bot,Gold
578,Pascal Dupont,Zonkify,114,,,114,,,,,,,,,,Bot,Silver
579,Lelia Mercado,Eckleson,114,114,,,,,,,,,,,,Bot,Gold
580,Tommy Jensen,,113,,113,,,,,,,,,,,Bot,Silver
581,Antonio Negri,Hinal,113,,113,,,,,,,,,,,Bot,Silver
582,Juana Cordova,Patriot,113,113,,,,,,,,,,,,Bot,Silver
583,Neil Walker,Wadenterror,113,113,,,,,,,,,,,,Male,Gold
584,Fulu Soo,,112,,112,,,,,,,,,,,Bot,Silver
585,Therese Simpson,,112,,,112,,,,,,,,,,Bot,Silver
586,Livo Mattila,,112,,112,,,,,,,,,,,Bot,Gold
587,Lars Collard,Kumori,112,,112,,,,,,,,,,,Bot,Gold
588,Alexander Sánchez,,112,,112,,,,,,,,,,,Bot,Silver
589,Silke Herrmann,,112,112,,,,,,,,,,,,Bot,Gold
590,Wilfred Harrington,,111,111,,,,,,,,,,,,Bot,Silver
591,Lucien Gravel,,111,,,111,,,,,,,,,,Bot,Gold
592,Mina Hu,Kumori,111,,,111,,,,,,,,,,Bot,Silver
593,Christian Schulte,,110,110,,,,,,,,,,,,Bot,Gold
594,Oleg Vemić,Hector,110,,110,,,,,,,,,,,Bot,Silver
595,Rachel Tzur,,110,,110,,,,,,,,,,,Bot,Silver
596,Hajar Al-Muqbali,Fable,110,,110,,,,,,,,,,,Bot,Gold
597,Ove Sandberg,Sherpa,109,,109,,,,,,,,,,,Bot,Gold
598,Odette Lefebvre,,109,109,,,,,,,,,,,,Bot,Silver
599,Ramón Vera,,109,109,,,,,,,,,,,,Bot,Gold
600,Luīze Rudzītis,,109,,,109,,,,,,,,,,Bot,Silver
601,Jan Foser,,109,,,109,,,,,,,,,,Bot,Gold
602,Ezra Stephens,Saint,109,,109,,,,,,,,,,,Bot,Silver
603,Mason Contreras,,109,,109,,,,,,,,,,,Bot,Bronze
604,Andre De Bruin,,108,,108,,,,,,,,,,,Bot,Silver
605,Sara Al Shahwani,,108,,108,,,,,,,,,,,Bot,Silver
606,Jan Pedersen,,108,108,,,,,,,,,,,,Bot,Silver
607,Rosie Cameron,YES,107,,107,,,,,,,,,,,Bot,Bronze
608,Sara Anderson,Fujikai,107,,,107,,,,,,,,,,Bot,Silver
609,Ronald Verhoeven,Pioma,107,107,,,,,,,,,,,,Bot,Gold
610,Aquilino Romero,HCOM,107,,107,,,,,,,,,,,Bot,Silver
611,Raymonde Renaud,Aguda,107,,,107,,,,,,,,,,Bot,Silver
612,Tony Riley,,107,107,,,,,,,,,,,,Bot,Bronze
613,Urho Oksanen,,107,,107,,,,,,,,,,,Bot,Silver
614,Frederic Glenn,HCOM,106,,106,,,,,,,,,,,Bot,Silver
615,John Rodgers,Tyrone Power Racing,106,,106,,,,,,,,,,,Male,Bronze
616,Luis Gomez,,106,,106,,,,,,,,,,,Bot,Bronze
617,Ana Nobre,,106,106,,,,,,,,,,,,Bot,Silver
618,Lauren Stewart,,106,,,106,,,,,,,,,,Bot,Silver
619,Bert Daniels,Patriot,105,105,,,,,,,,,,,,Bot,Bronze
620,Rob Whitney,YES,105,,105,,,,,,,,,,,Bot,Silver
621,Luis Afonso,,105,,105,,,,,,,,,,,Bot,Bronze
622,Esteban Parks,,105,,105,,,,,,,,,,,Bot,Bronze
623,Txarrena RTX,,105,105,,,,,,,,,,,,Male,Gold
624,Yousef Ansari,Sherpa,105,,,105,,,,,,,,,,Bot,Silver
625,Petar Živulić,,105,,105,,,,,,,,,,,Bot,Silver
626,David De,Fujikai,105,105,,,,,,,,,,,,Bot,Bronze
627,Ivanka Vrljić,,105,,105,,,,,,,,,,,Bot,Silver
628,Martha Murray,,104,104,,,,,,,,,,,,Bot,Silver
629,Ramon Graf,Windsail,104,104,,,,,,,,,,,,Bot,Bronze
630,Ajla Murin,Ampex,104,,104,,,,,,,,,,,Bot,Bronze
631,Carlos Neves,Formix,104,,,104,,,,,,,,,,Bot,Bronze
632,Francis Fisher,,104,,104,,,,,,,,,,,Bot,Bronze
633,Gabriel Lehmann,Aspire,104,104,,,,,,,,,,,,Bot,Bronze
634,Mohammad Beil,Titans,103,,103,,,,,,,,,,,Bot,Silver
635,Stefan Schneider,Ampex,103,103,,,,,,,,,,,,Bot,Bronze
636,Jean-Claude Michel,,103,,103,,,,,,,,,,,Bot,Silver
637,Stefan Schröder,Hinal,103,,103,,,,,,,,,,,Bot,Silver
638,Alexandre De,Orbit,103,,103,,,,,,,,,,,Bot,Bronze
639,Filip Knapek,,103,,,103,,,,,,,,,,Bot,Silver
640,Ramona Reese,,103,,103,,,,,,,,,,,Bot,Bronze
641,Fulu Yim,,103,103,,,,,,,,,,,,Bot,Silver
642,Alexei Ćurčić,,103,103,,,,,,,,,,,,Bot,Bronze
643,Ada Mahony,,102,,,102,,,,,,,,,,Bot,Bronze
644,Katie Hudson,Monova,102,102,,,,,,,,,,,,Bot,Bronze
645,Ingelise Lund,,102,,102,,,,,,,,,,,Bot,Bronze
646,Elias Isaksson,,102,,102,,,,,,,,,,,Bot,Bronze
647,Blake Drummond,,102,,102,,,,,,,,,,,Bot,Silver
648,Pieteer Prins,Ampex,102,102,,,,,,,,,,,,Bot,Bronze
649,Mateusz Kania,Monova,102,,102,,,,,,,,,,,Bot,Silver
650,Maria Dionne,Monova,101,,101,,,,,,,,,,,Bot,Silver
651,Fatima Silveira,,101,101,,,,,,,,,,,,Bot,Silver
652,Zoé Lambert,,101,101,,,,,,,,,,,,Bot,Bronze
653,Safia Sam,AI Thunder,101,,,101,,,,,,,,,,Bot,Bronze
654,Daniels Brūveris,Nuvio,101,,101,,,,,,,,,,,Bot,Bronze
655,Kyzy Akmatov,,100,100,,,,,,,,,,,,Bot,Bronze
656,Oliver Bernardes,,100,,100,,,,,,,,,,,Bot,Silver
657,Bintou Touré,,100,100,,,,,,,,,,,,Bot,Bronze
658,Gustas Radzevičius,,100,,100,,,,,,,,,,,Bot,Silver
659,Justina Carrizo,,100,,100,,,,,,,,,,,Bot,Bronze
660,Thad Harris,,99,,99,,,,,,,,,,,Bot,Bronze
661,Wilson Espinoza,,99,,99,,,,,,,,,,,Bot,Bronze
662,Stella Marchi,Fiber Shot,99,,99,,,,,,,,,,,Bot,Silver
663,Joan Mills,,99,99,,,,,,,,,,,,Bot,Silver
664,Arjun Sahni,,99,99,,,,,,,,,,,,Bot,Bronze
665,Ashlee Moore,,99,,,99,,,,,,,,,,Bot,Silver
666,Jaap Vermeulen,,99,99,,,,,,,,,,,,Bot,Bronze
667,Embla Jónsson,Roklit,98,,98,,,,,,,,,,,Bot,Bronze
668,Edward Lawrence,,98,,98,,,,,,,,,,,Bot,Bronze
669,Eddie Fuentes,,98,,98,,,,,,,,,,,Bot,Bronze
670,Frederic Guay,Krowen,98,98,,,,,,,,,,,,Bot,Bronze
671,Tanya Bolduc,,98,,98,,,,,,,,,,,Bot,Silver
672,Macsen White,,98,,98,,,,,,,,,,,Bot,Silver
673,Beatriz Batista,Optech,98,98,,,,,,,,,,,,Bot,Silver
674,Jayden Shea,,98,,98,,,,,,,,,,,Bot,Silver
675,Haruya Nakayama,,98,98,,,,,,,,,,,,Bot,Bronze
676,Grygoriy Tyshchenko,Aspire,97,,,97,,,,,,,,,,Bot,Silver
677,Donna Spence,Nuvio,97,,97,,,,,,,,,,,Bot,Bronze
678,Seren Phillips,,97,,97,,,,,,,,,,,Bot,Bronze
679,Malcolm Salinas,Orbit,97,,97,,,,,,,,,,,Bot,Bronze
680,Romain Martin,,97,97,,,,,,,,,,,,Bot,Bronze
681,Jenny Sandström,,96,96,,,,,,,,,,,,Bot,Bronze
682,Tim Harrison,,96,,96,,,,,,,,,,,Bot,Silver
683,Dragana Gavrilov,Fujikai,96,,96,,,,,,,,,,,Bot,Bronze
684,Claudia Gatti,Krowen,96,,96,,,,,,,,,,,Bot,Silver
685,Eugenia Rosa,,96,,96,,,,,,,,,,,Bot,Bronze
686,Filipa Coutinho,Orbit,96,96,,,,,,,,,,,,Bot,Silver
687,Bertil Lundberg,Systech,96,96,,,,,,,,,,,,Bot,Bronze
688,Vincent Leroy,Eckleson,96,,96,,,,,,,,,,,Bot,Bronze
689,Hajjah Salleh,Fiber Shot,96,,96,,,,,,,,,,,Bot,Silver
690,Seela Ahonen,,96,,,96,,,,,,,,,,Bot,Silver
691,Claes Johansson,,95,95,,,,,,,,,,,,Bot,Bronze
692,Esther Berger,,95,,95,,,,,,,,,,,Bot,Bronze
693,Saimi Järvinen,Fujikai,95,,95,,,,,,,,,,,Bot,Bronze
694,Anders Dahl,Delta,95,95,,,,,,,,,,,,Bot,Bronze
695,Marie Murad,,95,,95,,,,,,,,,,,Bot,Bronze
696,Bernard Young,,95,,95,,,,,,,,,,,Bot,Silver
697,Juliette Laurent,,94,94,,,,,,,,,,,,Bot,Silver
698,Elin Lund,AI Thunder,94,,94,,,,,,,,,,,Bot,Bronze
699,Martijn Smit,,94,94,,,,,,,,,,,,Bot,Bronze
700,Yeruo Cheong,Nuvio,94,,94,,,,,,,,,,,Bot,Silver
701,Edwin Van der Linden,,94,,,94,,,,,,,,,,Bot,Silver
702,Sulo Salonen,,94,94,,,,,,,,,,,,Bot,Bronze
703,Daisy Parks,Heat,94,,94,,,,,,,,,,,Bot,Bronze
704,Goran Hrkać,Formix,93,,93,,,,,,,,,,,Bot,Bronze
705,Jüri Pärn,,93,93,,,,,,,,,,,,Bot,Bronze
706,Tommy Corona,,93,,93,,,,,,,,,,,Bot,Silver
707,Elisheva Sharon,Formix,93,,93,,,,,,,,,,,Bot,Bronze
708,Feodora Meyrowitz,,93,93,,,,,,,,,,,,Bot,Silver
709,Sachiko Maeda,,93,93,,,,,,,,,,,,Bot,Bronze
710,Birgit S,WATTFabrik,93,,93,,,,,,,,,,,Female,Silver
711,Sébastien Philippe,,93,,93,,,,,,,,,,,Bot,Bronze
712,Yung-Shu Sun,,92,,,92,,,,,,,,,,Bot,Silver
713,Matylda Zając,Fujikai,92,,92,,,,,,,,,,,Bot,Silver
714,Goran Moszkovicz,True Form,92,,92,,,,,,,,,,,Bot,Bronze
715,Arturo Carta,,92,92,,,,,,,,,,,,Bot,Bronze
716,Antonella di,Sherpa,92,,92,,,,,,,,,,,Bot,Bronze
717,Kelli Franco,,92,92,,,,,,,,,,,,Bot,Bronze
718,Daniel Holdener,indieVelo Founders Club,91,,91,,,,,,,,,,,Male,Bronze
719,Hikari Satō,,91,,91,,,,,,,,,,,Bot,Silver
720,Marthe Beaudoin,Saint,91,91,,,,,,,,,,,,Bot,Silver
721,Patrycja Makowska,Hector,91,,91,,,,,,,,,,,Bot,Bronze
722,Liam Baldacchino,Ampex,91,,91,,,,,,,,,,,Bot,Silver
723,Kazimir Bilous,,91,91,,,,,,,,,,,,Bot,Bronze
724,Alisa Kinnunen,,91,,,91,,,,,,,,,,Bot,Silver
725,Kārlis Rudzītis,,91,,91,,,,,,,,,,,Bot,Silver
726,Haidar Kazem,,91,,91,,,,,,,,,,,Bot,Bronze
727,Alejo Aguirre,,91,91,,,,,,,,,,,,Bot,Bronze
728,Rivka Obadiah,AMO Solutions,90,,90,,,,,,,,,,,Bot,Bronze
729,Fernand Clement,,90,,90,,,,,,,,,,,Bot,Bronze
730,Zhiyu Hew,Ampex,90,90,,,,,,,,,,,,Bot,Bronze
731,Mihaela Dumitru,,90,,90,,,,,,,,,,,Bot,Silver
732,Jovan Veselinović,,90,,90,,,,,,,,,,,Bot,Bronze
733,Aurora Romero,Douvan,89,89,,,,,,,,,,,,Bot,Silver
734,Lidia Casas,,89,89,,,,,,,,,,,,Bot,Bronze
735,Gene Fry,Formix,89,,89,,,,,,,,,,,Bot,Bronze
736,Leo Johnston,,89,,89,,,,,,,,,,,Bot,Silver
737,Lessie Curry,Douvan,89,89,,,,,,,,,,,,Bot,Bronze
738,Max Engel,,88,,88,,,,,,,,,,,Bot,Bronze
739,Arline Holloway,Fujikai,88,88,,,,,,,,,,,,Bot,Bronze
740,Afroditi Anastasiadis,,88,,88,,,,,,,,,,,Bot,Bronze
741,Hayat Al-Balushi,,88,,88,,,,,,,,,,,Bot,Bronze
742,Cecilia Ibrahim,,88,,88,,,,,,,,,,,Bot,Silver
743,Ariel Awad,Patriot,88,88,,,,,,,,,,,,Bot,Silver
744,Batyr Berdyyev,,88,88,,,,,,,,,,,,Bot,Bronze
745,Sabine Aboud,,88,,,88,,,,,,,,,,Bot,Silver
746,Hui Ho,,87,,87,,,,,,,,,,,Bot,Bronze
747,Adél Vass,,87,87,,,,,,,,,,,,Bot,Bronze
748,Joseph Byrne,Aspire,87,,87,,,,,,,,,,,Bot,Bronze
749,Dunja Bergmann,Meisterkuhl,87,,87,,,,,,,,,,,Bot,Bronze
750,Camille Andre,Orbit,86,86,,,,,,,,,,,,Bot,Bronze
751,Gladys Vance,Saint,86,,86,,,,,,,,,,,Bot,Silver
752,Danylo Romanyuk,Roklit,86,,86,,,,,,,,,,,Bot,Bronze
753,Megumi Kimura,Patriot,86,86,,,,,,,,,,,,Bot,Bronze
754,Lauri Roy,,86,,86,,,,,,,,,,,Bot,Bronze
755,Kodjo Adjevi,Patriot,86,,,86,,,,,,,,,,Bot,Silver
756,Heidi Krüger,,86,,86,,,,,,,,,,,Bot,Bronze
757,Blagorodna Yankova,,85,,85,,,,,,,,,,,Bot,Bronze
758,Amelia Rizzo,,85,85,,,,,,,,,,,,Bot,Bronze
759,Sovann Kim,eVOX,85,,85,,,,,,,,,,,Bot,Bronze
760,Amadeo Rosa,Saitama,85,,85,,,,,,,,,,,Bot,Bronze
761,Chloé Smet,Optech,85,,85,,,,,,,,,,,Bot,Silver
762,Adele Riedel,Ampex,84,84,,,,,,,,,,,,Bot,Bronze
763,Birgit Lorenz,,84,,84,,,,,,,,,,,Bot,Bronze
764,Lucie Evrard,Aria Olefson,84,84,,,,,,,,,,,,Bot,Bronze
765,Luca Doherty,,84,,84,,,,,,,,,,,Bot,Bronze
766,Nicole Nicolas,,83,,83,,,,,,,,,,,Bot,Bronze
767,Evan Perkins,Sherpa,83,83,,,,,,,,,,,,Bot,Bronze
768,Azra Özer,Sherpa,83,,83,,,,,,,,,,,Bot,Bronze
769,Sharlene French,Systech,83,,83,,,,,,,,,,,Bot,Silver
770,Benjamin Robin,HCOM,83,83,,,,,,,,,,,,Bot,Bronze
771,Youssef Al-Hussein,Monova,83,,83,,,,,,,,,,,Bot,Bronze
772,Catherine Weir,,82,,82,,,,,,,,,,,Bot,Bronze
773,Bert Janssen,,82,,,82,,,,,,,,,,Bot,Bronze
774,Erica Bowman,,82,82,,,,,,,,,,,,Bot,Bronze
775,Vaani Choudhary,,82,,82,,,,,,,,,,,Bot,Bronze
776,Chessa Marowitz,Meisterkuhl,82,82,,,,,,,,,,,,Bot,Bronze
777,Simone Rademacher,Douvan,82,,82,,,,,,,,,,,Bot,Bronze
778,Stan English,Heat,81,,81,,,,,,,,,,,Bot,Silver
779,Simone Galloway,AI Thunder,81,,81,,,,,,,,,,,Bot,Bronze
780,Anabela Madeira,,81,,,81,,,,,,,,,,Bot,Bronze
781,Feodora Franulović,,81,81,,,,,,,,,,,,Bot,Bronze
782,Yeruo Law,,81,,81,,,,,,,,,,,Bot,Bronze
783,Annemarie De Bruin,Meisterkuhl,81,,81,,,,,,,,,,,Bot,Bronze
784,Manfred Schneider,,81,81,,,,,,,,,,,,Bot,Bronze
785,Petter Larsen,Aria Olefson,80,,,80,,,,,,,,,,Bot,Bronze
786,Jocelyne Grenier,,80,,80,,,,,,,,,,,Bot,Bronze
787,Charlotte Barajas,,80,80,,,,,,,,,,,,Bot,Bronze
788,Runchu Tao,,80,,80,,,,,,,,,,,Bot,Bronze
789,August Hardy,YES,80,,80,,,,,,,,,,,Bot,Bronze
790,Ole Berg,,79,79,,,,,,,,,,,,Bot,Bronze
791,Elah Amar,,79,,,79,,,,,,,,,,Bot,Bronze
792,Mindy Cameron,Optech,79,,79,,,,,,,,,,,Bot,Bronze
793,Magdalena Nagel,Base,79,,79,,,,,,,,,,,Bot,Bronze
794,Jean Gillespie,,79,79,,,,,,,,,,,,Bot,Bronze
795,Gabriela Huber,,79,,79,,,,,,,,,,,Bot,Bronze
796,Romane Kirsch,,79,,,79,,,,,,,,,,Bot,Bronze
797,Vira Yurchenko,Aria Olefson,78,78,,,,,,,,,,,,Bot,Bronze
798,Ole Jensen,,78,,78,,,,,,,,,,,Bot,Bronze
799,Olivia Kennedy,Heat,78,,,78,,,,,,,,,,Bot,Bronze
800,Brandon Boudreau,,77,,77,,,,,,,,,,,Bot,Bronze
801,Carlos Galvan,,77,77,,,,,,,,,,,,Bot,Bronze
802,Bethan Bennett,,77,77,,,,,,,,,,,,Bot,Bronze
803,Ilse Hendriks,Base,77,,,77,,,,,,,,,,Bot,Bronze
804,Radmila Trifunović,,77,,77,,,,,,,,,,,Bot,Bronze
805,Eva Medina,,76,,76,,,,,,,,,,,Bot,Bronze
806,Tharushi Jayasinghe,,76,,76,,,,,,,,,,,Bot,Bronze
807,Lotte Mathieu,,76,76,,,,,,,,,,,,Bot,Bronze
808,Aye Aung,,76,76,,,,,,,,,,,,Bot,Bronze
809,Tomas Bailey,Delta,76,,,76,,,,,,,,,,Bot,Bronze
810,Shawn Cruickshank,Orbit,75,,75,,,,,,,,,,,Bot,Bronze
811,Arbel Nes,Roklit,75,,75,,,,,,,,,,,Bot,Bronze
812,Kabita KC,,75,,75,,,,,,,,,,,Bot,Bronze
813,Dana Herrmann,True Form,75,75,,,,,,,,,,,,Bot,Bronze
814,Garland Martin,,75,,,75,,,,,,,,,,Bot,Bronze
815,Rosa Pohl,,75,75,,,,,,,,,,,,Bot,Bronze
816,Fatima Ganguly,,74,,74,,,,,,,,,,,Bot,Bronze
817,Emma Dwyer,HCOM,74,,74,,,,,,,,,,,Bot,Bronze
818,Tamira Becker,AI Thunder,74,,,74,,,,,,,,,,Bot,Bronze
819,Méabh Sheehan,,74,,74,,,,,,,,,,,Bot,Bronze
820,Marilyn Miller,,74,74,,,,,,,,,,,,Bot,Bronze
821,Romi Taha,Delta,74,74,,,,,,,,,,,,Bot,Bronze
822,Raquel Livingston,Fable,73,,,73,,,,,,,,,,Bot,Bronze
823,Gisèle Fabre,,73,,73,,,,,,,,,,,Bot,Bronze
824,Maggie Sharp,Douvan,73,,73,,,,,,,,,,,Bot,Bronze
825,Kévin Renaud,,73,,73,,,,,,,,,,,Bot,Bronze
826,Mihkel Kõrgesaar,,73,73,,,,,,,,,,,,Male,Bronze
827,Kathleen Espinoza,AI Thunder,73,73,,,,,,,,,,,,Bot,Bronze
828,Celina Wolfe,,73,,,73,,,,,,,,,,Bot,Bronze
829,Anneke De Vries,,72,,72,,,,,,,,,,,Bot,Bronze
830,Valeriya Strinić,,72,,72,,,,,,,,,,,Bot,Bronze
831,Holly Hamilton,Systech,72,,72,,,,,,,,,,,Bot,Bronze
832,Viljo Kärkkäinen,,72,72,,,,,,,,,,,,Bot,Bronze
833,Cassie Elliott,Formix,72,72,,,,,,,,,,,,Bot,Bronze
834,Monique Miranda,Aguda,72,,,72,,,,,,,,,,Bot,Bronze
835,Jessica Jasińska,Monova,71,,71,,,,,,,,,,,Bot,Bronze
836,Jun Tamura,,71,,71,,,,,,,,,,,Bot,Bronze
837,Nina Schütz,,71,,,71,,,,,,,,,,Bot,Bronze
838,Paul Schreiber,,71,,71,,,,,,,,,,,Bot,Bronze
839,Manju Al-Khatiri,Dashix,71,71,,,,,,,,,,,,Bot,Bronze
840,Antonella Guerra,,71,71,,,,,,,,,,,,Bot,Bronze
841,Diedie Loong,,70,,70,,,,,,,,,,,Bot,Bronze
842,Eric Nguyen,,70,,,70,,,,,,,,,,Bot,Bronze
843,Irene Trevisan,,70,,70,,,,,,,,,,,Bot,Bronze
844,Susan Bodden,Monova,70,,70,,,,,,,,,,,Bot,Bronze
845,Lotte Berg,Fiber Shot,70,70,,,,,,,,,,,,Bot,Bronze
846,Najma Shaik,Douvan,69,,,69,,,,,,,,,,Bot,Bronze
847,Anna Romanyuk,,69,,69,,,,,,,,,,,Bot,Bronze
848,Simone Fischer,Fiber Shot,69,,69,,,,,,,,,,,Bot,Bronze
849,Victor Petit,,69,,69,,,,,,,,,,,Bot,Bronze
850,Galina Kulyk,Capital,68,68,,,,,,,,,,,,Bot,Bronze
851,Fredrik Sandström,,68,68,,,,,,,,,,,,Bot,Bronze
852,Jose Avila,,68,,68,,,,,,,,,,,Bot,Bronze
853,Hugo Gómez,,68,,,68,,,,,,,,,,Male,Bronze
854,Ernestine Peterson,,67,,67,,,,,,,,,,,Bot,Bronze
855,Pit König,,67,,67,,,,,,,,,,,Bot,Bronze
856,Amparo Mateo,Fujikai,67,,,67,,,,,,,,,,Bot,Bronze
857,Vilma Huang,,67,67,,,,,,,,,,,,Bot,Bronze
858,Gilbert Greene,,67,67,,,,,,,,,,,,Bot,Bronze
859,Julie Thomas,,67,,,67,,,,,,,,,,Bot,Bronze
860,Salvador Escudero,Fable,67,,67,,,,,,,,,,,Bot,Bronze
861,Trina Hanna,Zonkify,67,,,67,,,,,,,,,,Bot,Bronze
862,Andrea Jung,Zonkify,66,,,66,,,,,,,,,,Bot,Bronze
863,Ainhoa Alonso,Douvan,66,,66,,,,,,,,,,,Bot,Bronze
864,Alessia Magnani,,66,,66,,,,,,,,,,,Bot,Bronze
865,Claudine David,YES,66,66,,,,,,,,,,,,Bot,Bronze
866,Arabella Macgillivray,,66,66,,,,,,,,,,,,Bot,Bronze
867,Errol Bryan,,66,,66,,,,,,,,,,,Bot,Bronze
868,Maisie Anderson,Aria Olefson,66,,,66,,,,,,,,,,Bot,Bronze
869,Max Ruiz,,66,,,66,,,,,,,,,,Bot,Bronze
870,Gabrielle Hanson,,65,,65,,,,,,,,,,,Bot,Bronze
871,Mari Halonen,,65,,65,,,,,,,,,,,Bot,Bronze
872,Maureen Sparks,,65,65,,,,,,,,,,,,Bot,Bronze
873,Milana Spivak,Ampex,65,65,,,,,,,,,,,,Bot,Bronze
874,Jacqueline Van der Meer,Formix,65,,,65,,,,,,,,,,Bot,Bronze
875,Anita Zakrzewska,,65,,65,,,,,,,,,,,Bot,Bronze
876,Richard Campbell,Monova,65,,,65,,,,,,,,,,Bot,Bronze
877,Guadalupe Maldonado,,64,,,64,,,,,,,,,,Bot,Bronze
878,Louise Lejeune,Delta,64,,64,,,,,,,,,,,Bot,Bronze
879,Isabel Ramirez,,64,64,,,,,,,,,,,,Bot,Bronze
880,Majbritt Nissen,,64,,64,,,,,,,,,,,Bot,Bronze
881,Audrey Ware,,64,,,64,,,,,,,,,,Bot,Bronze
882,Marie Hedlund,Titans,64,64,,,,,,,,,,,,Bot,Bronze
883,Francesca Mcbride,Eckleson,64,,64,,,,,,,,,,,Bot,Bronze
884,Nicole Ríos,,64,,,64,,,,,,,,,,Bot,Bronze
885,Luz Castillo,,63,,,63,,,,,,,,,,Bot,Bronze
886,Millie Brew,Kumori,63,,63,,,,,,,,,,,Bot,Bronze
887,Josefina Thomas,,63,,,63,,,,,,,,,,Bot,Bronze
888,Hawa Kargbo,Hinal,63,63,,,,,,,,,,,,Bot,Bronze
889,Sayaka Kobayashi,,63,,63,,,,,,,,,,,Bot,Bronze
890,Ora Mullins,,63,,63,,,,,,,,,,,Bot,Bronze
891,Rossana Riva,,63,63,,,,,,,,,,,,Bot,Bronze
892,Ulpu Laaksonen,Nuvio,62,,,62,,,,,,,,,,Bot,Bronze
893,Théo Peeters,,62,,,62,,,,,,,,,,Bot,Bronze
894,Cornelia Fuller,Hinal,62,,62,,,,,,,,,,,Bot,Bronze
895,Eric Verhoeven,,62,62,,,,,,,,,,,,Bot,Bronze
896,Paula Cortes,Nuvio,62,,62,,,,,,,,,,,Bot,Bronze
897,Chiara Catalano,Ampex,62,,62,,,,,,,,,,,Bot,Bronze
898,Rhea Pineda,,62,62,,,,,,,,,,,,Bot,Bronze
899,Katerina Alexandrou,,62,,,62,,,,,,,,,,Bot,Bronze
900,Indie Burns,Aguda,61,,,61,,,,,,,,,,Bot,Bronze
901,Inger Solberg,,61,,61,,,,,,,,,,,Bot,Bronze
902,Bogdana Niemir,,61,,,61,,,,,,,,,,Bot,Bronze
903,Maria Vila,,61,,61,,,,,,,,,,,Bot,Bronze
904,Ann Wolf,,61,61,,,,,,,,,,,,Bot,Bronze
905,Hawa Kollie,Eckleson,61,,,61,,,,,,,,,,Bot,Bronze
906,Antonella Diaz,,61,61,,,,,,,,,,,,Bot,Bronze
907,Galyna Kolomyets,HCOM,60,,,60,,,,,,,,,,Bot,Bronze
908,Oliwia Kaczmarek,,60,,,60,,,,,,,,,,Bot,Bronze
909,Marie Stein,,60,,60,,,,,,,,,,,Bot,Bronze
910,Bertrand Harris,HCOM,60,,60,,,,,,,,,,,Bot,Bronze
911,Kimmo Mikkola,Aspire,60,60,,,,,,,,,,,,Bot,Bronze
912,Amanda Moreira,,59,59,,,,,,,,,,,,Bot,Bronze
913,Yeona Ga,,59,,,59,,,,,,,,,,Bot,Bronze
914,Melba Portillo,Nitro,59,,,59,,,,,,,,,,Bot,Bronze
915,Bernice Meyers,Roklit,59,,,59,,,,,,,,,,Bot,Bronze
916,Lakeisha Collins,,59,,59,,,,,,,,,,,Bot,Bronze
917,Sarah El-Nekby,,58,58,,,,,,,,,,,,Bot,Bronze
918,Harriet Bryant,Systech,58,,,58,,,,,,,,,,Bot,Bronze
919,Agnese Basso,Dashix,58,,,58,,,,,,,,,,Bot,Bronze
920,Darva Tanasijević,Fiber Shot,58,,58,,,,,,,,,,,Bot,Bronze
921,Alice Nelson,Formix,57,,,57,,,,,,,,,,Bot,Bronze
922,Inara Abdullah,AMO Solutions,57,57,,,,,,,,,,,,Bot,Bronze
923,Rose Thibault,,57,,,57,,,,,,,,,,Bot,Bronze
924,Skye Crawford,,57,,,57,,,,,,,,,,Bot,Bronze
925,Francesc Moreno,,57,,57,,,,,,,,,,,Bot,Bronze
926,Jiaoxian Tao,Kumori,56,,,56,,,,,,,,,,Bot,Bronze
927,Ann-Marie Nordström,Sherpa,56,,,56,,,,,,,,,,Bot,Bronze
928,Samuela Tukana,,56,,56,,,,,,,,,,,Bot,Bronze
929,Botond Szűcs,Nitro,55,,,55,,,,,,,,,,Bot,Bronze
930,Lucia Leon,,55,,,55,,,,,,,,,,Bot,Bronze
931,Estelle Villeneuve,Systech,55,,,55,,,,,,,,,,Bot,Bronze
932,Victoria Moya,,54,,54,,,,,,,,,,,Bot,Bronze
933,Lia Dror,,54,,,54,,,,,,,,,,Bot,Bronze
934,Mona Eide,Delta,54,,,54,,,,,,,,,,Bot,Bronze
935,Dan Lindholm,,54,,,54,,,,,,,,,,Bot,Bronze
936,Raymonde Gauthier,,53,,53,,,,,,,,,,,Bot,Bronze
937,Laurent Duval,,53,,,53,,,,,,,,,,Bot,Bronze
938,Sabina Borowska,Heat,53,,,53,,,,,,,,,,Bot,Bronze
939,Sachiko Yamaguchi,Saitama,52,,52,,,,,,,,,,,Bot,Bronze
940,Brittney Becker,,52,,,52,,,,,,,,,,Bot,Bronze
941,Jasmin Weber,Fable,52,,,52,,,,,,,,,,Bot,Bronze
942,Fatima Dinis,,52,,,52,,,,,,,,,,Bot,Bronze
943,Astrid Schmitz,,51,,51,,,,,,,,,,,Female,Bronze
944,Yvonne Maduro,,51,,,51,,,,,,,,,,Bot,Bronze
945,Kaori Takeuchi,,51,,,51,,,,,,,,,,Bot,Bronze
946,Deepa Aziz,Heat,50,,,50,,,,,,,,,,Bot,Bronze
947,Junko Yokoyama,,50,,0,50,,,,,,,,,,Bot,Bronze
948,Eftychia Papadopoulos,Saint,49,,,49,,,,,,,,,,Bot,Bronze
949,Kim Labelle,,49,,,49,,,,,,,,,,Bot,Bronze
950,Jingxiao Kwok,,49,,,49,,,,,,,,,,Bot,Bronze
951,Tomislav Kristofics,,49,,,49,,,,,,,,,,Bot,Bronze
952,Emilie Bonnet,,48,,,48,,,,,,,,,,Bot,Bronze
953,Aneta Jankowska,Ampex,48,,,48,,,,,,,,,,Bot,Bronze
954,Yulia Vasilyeva,eVOX,47,,,47,,,,,,,,,,Bot,Bronze
955,Gabriela Ocampo,,47,,,47,,,,,,,,,,Bot,Bronze
956,Clarice Hodge,,46,,,46,,,,,,,,,,Bot,Bronze
957,Chinmayi Ghosh,Fujikai,45,,,45,,,,,,,,,,Bot,Bronze
958,Pauliina Heinonen,Capital,45,,,45,,,,,,,,,,Bot,Bronze
959,Anastasia Kuznetsova,,44,,,44,,,,,,,,,,Bot,Bronze
960,Elise Renard,,43,,,43,,,,,,,,,,Bot,Bronze
961,Kristie Guerrero,Roklit,42,,,42,,,,,,,,,,Bot,Bronze
962,Ute Mayer,,42,,,42,,,,,,,,,,Bot,Bronze
963,Hans Van Beek,Eckleson,41,,,41,,,,,,,,,,Bot,Bronze
964,Lorenzo Bassi,Krowen,40,,,40,,,,,,,,,,Bot,Bronze
965,Ada Whelan,Base,0,,0,,,,,,,,,,,Bot,Silver
966,Adam Otstot,Ride 4 Claire,0,,0,,,,,,,,,,,Male,Platinum
967,Adele Gabay,Pioma,0,,0,,,,,,,,,,,Bot,Silver
968,Adele Kern,,0,,,0,,,,,,,,,,Bot,Bronze
969,Adriana Rios,Krowen,0,,,0,,,,,,,,,,Bot,Bronze
970,Alana Therrien,Aria Olefson,0,,,0,,,,,,,,,,Bot,Bronze
971,Aleksander Lie,,0,0,,,,,,,,,,,,Bot,Silver
972,Alessia Corti,,0,0,,,,,,,,,,,,Bot,Bronze
973,AleX GoLd,Race3R,0,,,0,,,,,,,,,,Male,Gold
974,Alfie Le Cornu,Titans,0,,,0,,,,,,,,,,Bot,Silver
975,Alvaro Vaz,,0,0,,,,,,,,,,,,Male,Bronze
976,Amelia Cowin,Patriot,0,,,0,,,,,,,,,,Bot,Bronze
977,Ananya Gowda,Base,0,0,,0,,,,,,,,,,Bot,Bronze
978,Ange PESSION,Riders Givrés du Trainer,0,,,0,,,,,,,,,,Male,Gold
979,Anne Ødegård,,0,0,,,,,,,,,,,,Bot,Bronze
980,Art Velez,Hinal,0,,,0,,,,,,,,,,Bot,Silver
981,Atharva Ganguly,,0,,0,,,,,,,,,,,Bot,Gold
982,Badr Ahamed,Pioma,0,,,0,,,,,,,,,,Bot,Silver
983,Ben Regan,,0,0,,,,,,,,,,,,Bot,Gold
984,Bjørn Reiersgård,,0,,,0,,,,,,,,,,Male,Bronze
985,Bradley Colver,,0,0,,,,,,,,,,,,Male,Bronze
986,Brandy McCarthy,Roklit,0,0,,,,,,,,,,,,Bot,Bronze
987,Christopher Bartholomew,HCOM,0,0,,,,,,,,,,,,Bot,Silver
988,Clara Michel,,0,,,0,,,,,,,,,,Bot,Bronze
989,Conny Gade,,0,,0,,,,,,,,,,,Bot,Bronze
990,Daisy Nyaga,,0,,,0,,,,,,,,,,Bot,Silver
991,Dan Nordström,,0,0,,,,,,,,,,,,Bot,Silver
992,Dominique Barbier,,0,,,0,,,,,,,,,,Bot,Bronze
993,Duri Myeong,,0,,,0,,,,,,,,,,Bot,Gold
994,Frank Friesen,Roklit,0,,0,,,,,,,,,,,Bot,Gold
995,Gabija Sereika,AI Thunder,0,0,,,,,,,,,,,,Bot,Bronze
996,Hugo Villar,Saitama,0,,,0,,,,,,,,,,Bot,Silver
997,Jack Smith,Hinal,0,,,0,,,,,,,,,,Bot,Bronze
998,Janet Powell,Eckleson,0,,,0,,,,,,,,,,Bot,Bronze
999,Jasper van Olst,,0,,0,,,,,,,,,,,Male,Gold
1000,Jed Navarro,Base,0,,,0,,,,,,,,,,Bot,Silver
1001,Jerome Bérubé,,0,,0,,,,,,,,,,,Male,Platinum
1002,John Smith,,0,,,0,,,,,,,,,,Bot,Silver
1003,Jonathan Neumann,YES,0,0,,,,,,,,,,,,Bot,Bronze
1004,Josh Wambui,,0,,,0,,,,,,,,,,Bot,Gold
1005,Kei Ishikawa,,0,,0,,,,,,,,,,,Bot,Bronze
1006,Kim Gordon,Nuvio,0,,0,,,,,,,,,,,Bot,Bronze
1007,Kristina Barrett,Aria Olefson,0,,,0,,,,,,,,,,Bot,Bronze
1008,Lakisha Howell,,0,,,0,,,,,,,,,,Bot,Bronze
1009,Lasse Leppänen,Fable,0,,,0,,,,,,,,,,Bot,Silver
1010,Laura Petit,,0,,0,0,,,,,,,,,,Bot,Bronze
1011,Lou Finley,,0,0,,,,,,,,,,,,Bot,Bronze
1012,Loveness Mbewe,,0,0,,,,,,,,,,,,Bot,Silver
1013,Luisa Morales,,0,,,0,,,,,,,,,,Bot,Bronze
1014,Luqi Siew,Optech,0,,0,,,,,,,,,,,Bot,Bronze
1015,Maksim Slavkov,,0,,0,,,,,,,,,,,Bot,Silver
1016,Marie Garcia,,0,,0,,,,,,,,,,,Bot,Bronze
1017,Milo Miranda,,0,,,0,,,,,,,,,,Bot,Gold
1018,Mohsen Sadeghi,Nitro,0,0,,,,,,,,,,,,Bot,Silver
1019,Nicholas Leung,,0,,,0,,,,,,,,,,Bot,Gold
1020,Oliver Rees,,0,,0,,,,,,,,,,,Bot,Silver
1021,Paola Marino,,0,,,0,,,,,,,,,,Bot,Bronze
1022,Paulo Viegas,Saint,0,,0,,,,,,,,,,,Bot,Silver
1023,Ramon Friedrich,Meisterkuhl,0,,0,,,,,,,,,,,Bot,Bronze
1024,Roland Renaud,,0,0,,,,,,,,,,,,Bot,Gold
1025,Rune Olsen,,0,,0,,,,,,,,,,,Bot,Silver
1026,Sahil Kulkarni,Formix,0,,,0,,,,,,,,,,Bot,Silver
1027,Sharmin Akter,Titans,0,,0,,,,,,,,,,,Bot,Bronze
1028,Shu-Ching Gao,,0,,0,,,,,,,,,,,Bot,Bronze
1029,Soeren Lindner,Pedalers,0,0,,,,,,,,,,,,Male,Diamond
1030,Stephane Frigiolini,,0,,0,,,,,,,,,,,Male,Bronze
1031,Teresa Magalhães,Aria Olefson,0,,,0,,,,,,,,,,Bot,Bronze
1032,Urho Heikkilä,,0,,0,,,,,,,,,,,Bot,Gold
1033,Valeria Guevara,,0,,0,,,,,,,,,,,Bot,Bronze
1034,Whitney McCarthy,,0,,,0,,,,,,,,,,Bot,Bronze
1035,Xuanjie Yoon,Krowen,0,,0,,,,,,,,,,,Bot,Bronze
1036,Yuna Takata,,0,,,0,,,,,,,,,,Bot,Silver