#, Name, Team,Total,S01,S02,S03,S04,S05,S06,S07,S08,S09,S10,S11,S12,Gender
1,ML Martin,Monkey Cycling,411,45,52,5,40,16,29,53,52,52,51,35,31,Male
2,Lazaro Delgado,,265,41,,31,53,47,45,,48,,,,,Bot
3,Jerald Barker,,247,,49,51,,48,,52,47,,,,,Bot
4,Jamie Bishop,Newhall.cc,228,49,38,42,48,22,29,,,,,,,Male
5,Ianto Bennett,,179,,40,,,39,48,52,,,,,,Bot
6,Fernando Lopez,,163,,,49,50,,,41,,,,23,,Bot
7,Fraser Kinnaird,,160,49,,19,16,0,,3,19,20,24,10,,Bot
8,Gael Cabral,,160,,44,,33,,,,,,31,,52,Bot
9,Kenshin Hashimoto,Fable,158,,,52,,53,,,,,53,,,Bot
10,Dewayne Bass,Aspire,157,,54,,51,52,,,,,,,,Bot
11,Daishi Abe,,153,,47,,52,54,,,,,,,,Bot
12,Stan Bryan,Meisterkuhl,151,,,,,,,,,53,46,52,,Bot
13,António Guebuza,,150,,,,35,36,35,,,,,44,,Bot
14,Darrel Warren,,149,54,,48,,,,,,,,,47,Bot
15,Frits Kristensen,Heat,149,,,29,,35,,40,45,,,,,Bot
16,Yongsun Beom,Fiber Shot,149,,,,,40,,30,,39,40,,,Bot
17,Gloria Jordan,,148,,48,,,,40,20,,,,40,,Bot
18,Hank Ross,,148,,,,,,53,,,51,,,44,Bot
19,Clint Gonzalez,Optech,146,43,40,27,36,,,,,,,,,Bot
20,Philipp Winkler,Systech,144,,,,,,,54,54,,,,36,Bot
21,Michael Wainiqolo,,141,,,,,,50,49,42,,,,,Bot
22,Tyson Hahn,Saint,138,50,,49,,,,,,,,,39,Bot
23,Anders Lind,Fable,135,,,36,32,,,21,,,,,46,Bot
24,Jaap Van Dijk,Kumori,134,,,27,25,31,51,,,,,,,Bot
25,Jun’ichi Okada,,134,50,,,,43,41,,,,,,,Bot
26,Lindsey Pacheco,,134,,53,,,53,,,28,,,,,Bot
27,George Friesen,,133,,36,44,,,,,,,53,,,Bot
28,Asger Lindberg,,132,,,48,40,44,,,,,,,,Bot
29,Jack Mahy,Base,132,,,45,35,52,,,,,,,,Bot
30,Jose Pascual,,132,,,,,54,,25,,,53,,,Bot
31,Emil Rockov,,131,,,,37,,,50,,44,,,,Bot
32,Graham Erskine,Aguda,130,45,,,,,40,,,,45,,,Bot
33,Peter Austin,TROuble,127,39,34,24,30,,,,,,,,,Male
34,David Wallin,Titans,124,,,24,,16,,42,,42,,,,Bot
35,Keith Ballard,,123,,,48,,41,,,34,,,,,Bot
36,Valentina Rota,Eckleson,123,42,47,,,,,,,,,,34,Bot
37,Edvin Peltola,,121,,,45,,,,,36,,,,40,Bot
38,Monroe Pacheco,Patriot,120,,,25,,48,47,,,,,,,Bot
39,Hervé Dupont,Kumori,119,35,34,,50,,,,,,,,,Bot
40,Jasper De,,118,40,39,,39,,,,,,,,,Bot
41,Kurt Angus,Allkin Racing,118,34,0,31,53,,0,,,,,,,Male
42,Matthew Salazar,Titans,118,,22,20,43,,,,33,,,,,Bot
43,Momchil Mustafa,,118,30,,,46,42,,,,,,,,Bot
44,Sidney Frank,,117,,,49,,31,,,,,37,,,Bot
45,Guido Berti,,115,,36,,48,,,31,,,,,,Bot
46,Pylyp Polishchuk,,115,,,37,40,38,,,,,,,,Bot
47,Birgir Halldórsdóttir,,114,49,48,,,,,17,,,,,,Bot
48,Erin Valentine,,113,,,,23,,,,43,,47,,,Bot
49,Paul Rajan,,112,,43,,30,39,,,,,,,,Bot
50,Leroy Lightbourne,AMO Solutions,110,52,,44,,,,14,,,,,,Bot
51,Dolores Herrera,Optech,107,48,,,,,,,21,,,,38,Bot
52,Leo Larsen,Saitama,107,,15,43,,,,,,,49,,,Bot
53,Hongxi Ma,,106,,,,54,28,,24,,,,,,Bot
54,Elia Venturi,,105,,,,,,,,,,,54,51,Bot
55,Romain Duval,,105,21,50,,,,,,,,34,,,Bot
56,Serge Davidson,Nuvio,105,,38,,31,,,,,,,36,,Bot
57,Stig Wallin,Capital,105,,,,,,,,41,,24,40,,Bot
58,Dustin Andrews,Nuvio,104,23,45,,,36,,,,,,,,Bot
59,Eldon Trujillo,,104,47,,,,29,,,,,,28,,Bot
60,Adam Blais,,103,,17,22,,16,,,,,,48,,Bot
61,Aina Chai,,103,53,,,,,,,,,20,,30,Bot
62,Kyle Baxter,Aguda,103,53,,,50,,,,,,,,,Bot
63,Willem De Brujin,Aria Olefson,103,,,,,,,,,54,49,,,Bot
64,Kari Heiskanen,,102,29,,,,,,27,,,,,46,Bot
65,Chunghee Cha,,101,,49,,,,,,52,,,,,Bot
66,Oliver Lloyd,,101,,,49,,,,,,,,52,,Bot
67,Alex Dorsey,,100,,,,,,,49,,,,51,,Bot
68,Alonzo Fontana,Windsail,100,,,,25,,,,47,,,28,,Bot
69,André Martinez,,100,,,,,50,,,,,50,,,Bot
70,Jackie Ventura,,100,,,,,,,,51,,,49,,Bot
71,Sanford Casey,,100,,,,,,,,53,,47,,,Bot
72,Igor Kunin,,99,42,41,,,,,,16,,,,,Bot
73,Kizza Nalwanga,,99,45,,,,,,,,,,54,,Bot
74,Benicio Torres,,98,,52,,,,,,,,46,,,Bot
75,Erwin Müller,Systech,98,,,,,10,,51,37,,,,,Bot
76,Alexa Medina,,97,,,,15,,24,38,20,,,,,Bot
77,Enchen Vong,Monova,97,,,50,,,,,,,,47,,Bot
78,Faustino Meyer,,97,,,,,15,,27,,,38,,17,Bot
79,Graham Douglas,Aria Olefson,97,51,,,,,,,,,,46,,Bot
80,Johnny Bilodeau,True Form,97,,,,18,,,47,,,32,,,Bot
81,Thomas Helveg,Pure Power,97,,0,14,19,4,,54,6,,,0,,Male
82,Dieter Mayer,,96,,29,38,,29,,,,,,,,Bot
83,Lars Lund,Heat,96,51,,,45,,,,,,,,,Bot
84,Seung Gal,eVOX,96,,48,,,,,,,48,,,,Bot
85,Ton Dekker,,96,,46,,,,,,,,50,,,Bot
86,Andrea Napolitano,,95,37,,,,24,,,,,34,,,Bot
87,Curt McCullough,Heat,95,44,,,51,,,,,,,,,Bot
88,Leandro Fabbri,Kumori,95,43,,,,,52,,,,,,,Bot
89,Leandro Fabbri,AMO Solutions,95,43,,,,,52,,,,,,,Bot
90,Sammy Griffin,,95,42,,,,,,,,,,,53,Bot
91,Steve Campbell,,95,,,36,39,,,20,,,,,,Bot
92,Joaquin Perez,Delta,94,,,44,,,,,,,,,50,Bot
93,Mitsuaki Kobayashi,,94,,,,,50,44,,,,,,,Bot
94,Mussie Araya,,94,,45,,,,49,,,,,,,Bot
95,Thomas Macleod,HCOM,94,,,,,,,46,,,48,,,Bot
96,Yiannakis Demosthenous,Windsail,94,46,,,,,,,,,,,48,Bot
97,Dan Beaudoin,,93,,42,,,,,,,,,51,,Bot
98,Emil Topor,,93,28,32,33,,,,,,,,,,Bot
99,Lee Adams,,93,41,,,,,52,,,,,,,Bot
100,Marcin Pawlak,,93,,,39,,,,,,,54,,,Bot
101,Nathan De,,93,,,,,,,,,40,,53,,Bot
102,Andrey Petrov,,92,,40,,,,,,,,,,52,Bot
103,Philipp Hübner,,92,,48,,,44,,,,,,,,Bot
104,René Bertrand,,92,,,,,,,,,,44,48,,Bot
105,Benjamin Neves,,91,,,54,,,,,,,,37,,Bot
106,Emiliano Martini,,91,,,47,,,,,44,,,,,Bot
107,Grant Bradley,,91,,42,,,,,,,,,,49,Bot
108,Igor Dadić,,91,24,,17,,,,50,,,,,,Bot
109,Josef Jäger,Fiber Shot,91,,,,,51,,,40,,,,,Bot
110,Julian Simon,,91,,,,,43,,48,,,,,,Bot
111,Felipe Amorim,,90,43,,,,,,23,,,24,,,Bot
112,Laura Hurtado,,90,,,53,,,,37,,,,,,Bot
113,Milan Hodžić,,90,,,,43,47,,,,,,,,Bot
114,Stacy Barnes,,90,,,40,20,30,,,,,,,,Bot
115,Theo Clarke,Aspire,90,,52,,,,23,,15,,,,,Bot
116,Bruno Roger,,89,43,,46,,,,,,,,,,Bot
117,Dzifa Ayih,Titans,89,47,,,,,,,,,,,42,Bot
118,Mika Maes,,89,,47,,42,,,,,,,,,Bot
119,Cassio Conti,,88,48,,40,,,,,,,,,,Bot
120,Michael Vermeulen,Krowen,88,50,,,,,,38,,,,,,Bot
121,Vito Spencer,,88,30,,,,,,37,,,,21,,Bot
122,Maui Vaihotu,,87,,38,,,,,,,,,49,,Bot
123,Thomas Claeys,AMO Solutions,87,36,,51,,,,,,,,,,Bot
124,Victor Garcia,Orbit,87,,,,,,,,,45,,,42,Bot
125,Bauro Tamuera,,86,,38,,,,,,,,48,,,Bot
126,Kazuo Fujii,Eckleson,86,,,,,,,,32,,,,54,Bot
127,Nitai Goldstein,,86,,44,,,,,,,,42,,,Bot
128,Tapio Anttila,,86,,49,,,,,,,,37,,,Bot
129,Boubacar Dembélé,,85,43,,,,,,,,,42,,,Bot
130,Elvis Esparza,,85,51,,,,,34,,,,,,,Bot
131,Hendrik Schröder,,85,45,,,,,,,,,40,,,Bot
132,Junseo Hyeong,,85,,,,,,,,,,35,50,,Bot
133,Lucien Lalonde,,85,,,40,,45,,,,,,,,Bot
134,Ronald Verhoeven,,85,,25,4,42,,,,,,14,,,Bot
135,Ronald Verhoeven,Pioma,85,,25,4,42,,,,,,14,,,Bot
136,Diane Mugabo,,84,,,,,39,,,,,,45,,Bot
137,Jean-Marc Bolduc,,84,,,39,45,,,,,,,,,Bot
138,Kwame Boateng,,84,41,,,,,,,,,43,,,Bot
139,Ulf Ekström,Eckleson,84,,,,,,33,,51,,,,,Bot
140,Serge Leroux,Fiber Shot,83,31,24,,,,,,,,28,,,Bot
141,Tapio Salminen,Meisterkuhl,83,,,,,,39,44,,,,,,Bot
142,Yeong Paeng,,83,,,43,,40,,,,,,,,Bot
143,Garth Love,,82,,,,,,,,,29,,,53,Bot
144,Herman Espinosa,,82,,,,28,,,,,,54,,,Bot
145,Junjian Thien,,82,,49,,,,,33,,,,,,Bot
146,Monroe Gilbert,,82,,,,,45,,,,37,,,,Bot
147,Roy Jackson,,82,,,,,41,,,41,,,,,Bot
148,Adam Janssen,,81,,52,,,,,,,,29,,,Bot
149,Mohamed Silva,Douvan,81,,0,,,,,,,30,51,,,Bot
150,Tom Schreiner,,81,,,,,,,,52,,,29,,Bot
151,Arjan Huisman,Hector,80,,,,41,,,,,,,39,,Bot
152,Hassan Al-Bitar,,80,,6,28,,,,,,23,11,,12,Bot
153,Salim Al-Riyami,,80,33,,,,,,,,,,,47,Bot
154,Chinhwa Myeong,Base,79,23,,20,,,,,,,,36,,Bot
155,Demeter Andreev,Patriot,79,,,36,,43,,,,,,,,Bot
156,Georges Jackson,Aspire,79,,35,,,,44,,,,,,,Bot
157,Goran Vajda,,79,,,,,,,,36,,,43,,Bot
158,Pascal Vincent,,79,32,,47,,,,,,,,,,Bot
159,Sonia Ventura,Saitama,79,,42,,15,,,,,,22,,,Bot
160,Ahmad Oconnell,,78,,,,,41,,,,,37,,,Bot
161,Ben Hurley,Heat,78,,,,,,,,42,,36,,,Bot
162,Christoffer Arvidsson,,78,,,,,,49,,29,,,,,Bot
163,Angel Martin,,77,27,,,,,,,50,,,,,Bot
164,Honghua Tong,Pioma,77,25,,,,,,,,,52,,,Bot
165,Honghua Tong,Nitro,77,25,,,,,,,,,52,,,Bot
166,Gaoyao Khoong,,76,6,25,,,45,,,,,,,,Bot
167,Santiago Londoño,Systech,76,,,,33,,,,,,,,43,Bot
168,Steven Iqbal,,76,,14,,,23,,,,,39,,,Bot
169,Galileo Mosca,,75,46,,,,,,,,,29,,,Bot
170,George Young,Kumori,75,39,,36,,,,,,,,,,Bot
171,Xander Van,Aguda,75,,36,,,,39,,,,,,,Bot
172,Julian Clercq,,74,,,,10,19,,,,,,,45,Bot
173,Tom Davies,,74,46,,,,,28,,,,,,,Bot
174,Chinhwa Dang,Orbit,73,,,,51,,,,,,,22,,Bot
175,Efstathios Athanasiou,Nitro,73,,,,34,,,12,11,,,,16,Bot
176,Ethan Damme,,73,,,15,,13,32,,13,,,,,Bot
177,Vicente Chung,,73,,,,,,36,,,,,37,,Bot
178,Edi Rahman,,72,,6,15,,30,,,,,,21,,Bot
179,Juan Cervantes,Monova,72,26,,,,,,,,46,,,,Bot
180,Oscar Mejia,Systech,72,,,,27,,,45,,,,,,Bot
181,Alfie Gelling,Windsail,71,,43,,,,,,,,28,,,Bot
182,Max Danielsen,Titans,71,,49,,,,,22,,,,,,Bot
183,Roger Engen,Hinal,71,17,,,,,,,,35,,,19,Bot
184,Roger Simon,,71,,20,,,,,51,,,,,,Bot
185,Antony Sampson,Orbit,70,,,24,8,38,,,,,,,,Bot
186,Jens Roth,,70,,,,,,,,38,,32,,,Bot
187,Joey Morgan,,70,,,,,,,,,31,,,39,Bot
188,Werner Schwarz,,70,,,34,36,,,,,,,,,Bot
189,Gary Wilkerson,Patriot,69,,,,,,,28,,41,,,,Bot
190,Marco Klein,,69,,,31,32,,,,6,,,,,Bot
191,Mason Clague,,69,,,,37,32,,,,,,,,Bot
192,Oliver Koch,Titans,69,,,,,,42,,27,,,,,Bot
193,Caterina Serra,,68,,,,,,31,,,,,,37,Bot
194,Dongsun Mi,,68,,,,,32,,,,,,,36,Bot
195,Rostyslav Tkachenko,,68,,27,,,,,41,,,,,,Bot
196,Wayne Marshall,Roklit,68,,,,,,,25,,,,43,,Bot
197,Francois Thomson,,67,34,,,,,,,,,,,33,Bot
198,Gil Payne,,67,,22,,,24,,,,,,,21,Bot
199,Kurt Lundin,Dashix,67,,,38,,29,,,,,,,,Bot
200,Rolf Eriksson,Monova,66,,,,,33,,,,,,33,,Bot
201,Yoobin Pi,,66,36,,,,,,,30,,,,,Bot
202,Angel Banks,,65,,,,,,46,,,,,19,,Bot
203,Jaap Verhoeven,,65,,37,,,,14,,,,,14,,Bot
204,Rajeev Shaik,Nuvio,64,32,,,,,,,,,,32,,Bot
205,Ramon Miles,,64,,,,,,,,20,,44,,,Bot
206,Thiago Rodriguez,,64,,,32,,,,,,32,,,,Bot
207,Trym Lund,,64,,,,53,,,,,11,,,,Bot
208,David Prakash,,63,,,35,,28,,,,,,,,Bot
209,Ezra Short,Formix,63,,,30,,,,,,,33,,,Bot
210,Kevin Medina,,63,,,,,,38,,25,,,,,Bot
211,Lennart Jansson,,63,,,29,,,,34,,,,,,Bot
212,Peter Vermeulen,Aspire,62,16,,,,,,46,,,,,,Bot
213,Raya Anwar,,62,,,,,,,33,,,29,,,Bot
214,Reinhold Schmitz,,62,,,28,,,,,,,,,34,Bot
215,Felix Eberle,,60,,26,,,,,,,,34,,,Bot
216,Isabel Ferraz,,60,29,,,,,,,,,,31,,Bot
217,Kurt Förster,,60,,21,,,,,,39,,,,,Bot
218,Miguel Carrillo,Monova,60,,,,,,,,19,,41,,,Bot
219,Olli Vainio,YES,60,,,,,,43,,,,17,,,Bot
220,Jonathan Berger,Optech,59,24,,,,,,,,,,,35,Bot
221,Per Kristiansen,,59,,,40,,19,,,,,,,,Bot
222,Wout Peeters,,59,,,,,,25,34,,,,,,Bot
223,Santino Nardi,Hector,58,,,35,,,,,23,,,,,Bot
224,Tommy Benn,,58,,32,,,,,,26,,,,,Bot
225,Wolfgang Stein,,58,34,,,,,,,,,,24,,Bot
226,Alexander Alvarez,Roklit,57,,14,,,,,43,,,,,,Bot
227,Richard Kramer,,57,,,19,,,,,38,,,,,Bot
228,Emil Fisker,,56,,,,,22,,,,,,34,,Bot
229,Gilbert Fontaine,Pioma,56,25,,,,,,,31,,,,,Bot
230,Gilbert Fontaine,Nitro,56,25,,,,,,,31,,,,,Bot
231,Luca Griffin,Ampex,56,,42,,14,,,,,,,,,Bot
232,Ross Davies,True Form,56,,,15,9,32,,,,,,,,Bot
233,Stephan Kaiser,,56,,,12,,0,,44,,,,,,Bot
234,Alex Nørgaard,Fiber Shot,55,,,,26,,,29,,,,,,Bot
235,Alf Berglund,Aspire,55,,,,,37,,,18,,,,,Bot
236,Andrej Krstičić,,55,,,,,,26,,,,,29,,Bot
237,Benjamin Moore,,55,,,,,37,,,,,,18,,Bot
238,Gabriel Schmitz,True Form,55,36,,,,,,,19,,,,,Bot
239,Joao Campos,YES,55,,,,,,,12,,,24,,19,Bot
240,Alexander Bisgaard,,54,,,54,,,,,,,,,,Bot
241,Birgitte Eide,,54,54,,,,,,,,,,,,Bot
242,Camille De,,54,,54,,,,,,,,,,,Bot
243,Fiorenzo Spina,,54,,,,,,54,,,,,,,Bot
244,Ismael Odonnell,,54,,20,16,18,,,,,,,,,Bot
245,Jason Lowe,YES,54,,,,,,,,,,,,54,Bot
246,Jhon Cardenas,Saint,54,,,,,,,22,,,32,,,Bot
247,Ken Ueta,Windsail,54,17,,,,,,,,,,,37,Bot
248,Marcos Soriano,,54,,,,,,54,,,,,,,Bot
249,Marzia Gori,,54,,54,,,,,,,,,,,Bot
250,Matviy Melnichuk,,54,,,,54,,,,,,,,,Bot
251,Nathaniel Brewster,Woodberry Forest School,54,,,,54,,,,,,,,,Male
252,Risto Toivonen,,54,25,,9,,,,,,,,,20,Bot
253,Clifton Wyatt,,53,31,,,22,,,,,,,,,Bot
254,Colin York,,53,,,25,,,,,28,,,,,Bot
255,Deo Nsengiyumva,HCOM,53,,,16,,37,,,,,,,,Bot
256,Frank Richard,Base,53,,,32,,21,,,,,,,,Bot
257,Fred Kerr,Base,53,,29,,,,,,,,,,24,Bot
258,Ilay Koval,,53,,33,,,20,,,,,,,,Bot
259,Lara Albrecht,,53,,53,,,,,,,,,,,Bot
260,Linus Keller,,53,,,,24,29,,,,,,,,Bot
261,Osian Lloyd-Jones,,53,,,,,,,,,,,53,,Male
262,Sanzhar Asanov,,53,,,53,,,,,,,,,,Bot
263,Valentín Rojas,,53,22,,,,,,,,,31,,,Bot
264,Alexandre Damme,,52,,,,,,,,,,27,,25,Bot
265,Clara Leite,,52,52,,,,,,,,,,,,Bot
266,Domingos Pereira,,52,,,,,,,,,,52,,,Bot
267,Enzo Fontaine,,52,,,,52,,,,,,,,,Bot
268,Leopoldo Nunez,,52,,,52,,,,,,,,,,Bot
269,Lona Phillips,Delta,52,,,,,,28,,,,,,24,Bot
270,Salvador Calderon,Roklit,52,,52,,,,,,,,,,,Bot
271,Samuel Brennan,Capital,52,,,,28,19,,,,5,,,,Bot
272,Suzanne De Haan,,52,,52,,,,,,,,,,,Bot
273,Yahya Krishnan,,52,,,,,,,52,,,,,,Bot
274,Albert Friedrich,,51,,51,,,,,,,,,,,Bot
275,Jan Ström,,51,6,25,,,,,,,,20,,,Bot
276,Jay  Santi,Pedalers,51,,15,,,,,36,,,,,,Male
277,Josiah Sherman,,51,,,,,,20,31,,,,,,Bot
278,Kamal Hassan,,51,,,51,,,,,,,,,,Bot
279,Maria Carrillo,,51,51,,,,,,,,,,,,Bot
280,Nikolaj Laugesen,,51,33,,18,,,,,,,,,,Bot
281,Taras Pavlyuk,,51,,,,,51,,,,,,,,Bot
282,tyler bronder,Allkin Racing,51,,,,,,,,,,51,,,Male
283,Aava Laaksonen,HCOM,50,,50,,,,,,,,,,,Bot
284,Adan Sawyer,,50,25,,,,,,,,,25,,,Bot
285,Bhargava Rai,Zonkify,50,,,,,,,,,,,50,,Bot
286,Bosco Bernardini,True Form,50,,,50,,,,,,,,,,Bot
287,Chen Leung,Optech,50,17,,,,,,,,,,,33,Bot
288,Ciprian Badea,,50,,,,,,,,,,50,,,Bot
289,Ilias Mylonas,Titans,50,,,50,,,,,,,,,,Bot
290,Kamil Ješić,,50,,,,,,,,,50,,,,Bot
291,Mehdi De,Fable,50,,,,,,,,,,19,31,,Bot
292,Oliwier Jasiński,,50,38,,,,,,,12,,,,,Bot
293,Stephan Hahn,YES,50,50,,,,,,,,,,,,Bot
294,William Roberts,,50,,,,,,,,50,,,,,Bot
295,Wolfgang Riedel,,50,,23,,,,27,,,,,,,Bot
296,Botond Boros,,49,,,21,,,,,,,,,28,Bot
297,Emil Jørgensen,Fujikai,49,,,,,49,,,,,,,,Bot
298,Gerard Guay,,49,,,,49,,,,,,,,,Bot
299,Henry Gumbs,,49,,,,,49,,,,,,,,Bot
300,Julius König,,49,,49,,,,,,,,,,,Bot
301,Jun Ōta,,49,,,,,,,,,49,,,,Bot
302,Katerina Dodig,Formix,49,,,,,35,,,,,14,,,Bot
303,Kichiro Watanabe,,49,,,,,,,,49,,,,,Bot
304,Logan Christian,Aspire,49,,49,,,,,,,,,,,Bot
305,Raymond Duenas,,49,,,,,,,,49,,,,,Bot
306,Torben Andersson,Ampex,49,,35,14,,,,,,,,,,Bot
307,William Axelsson,,49,,42,7,,,,,,,,,,Bot
308,Willy Bertelsen,,49,,10,,,,,39,,,,,,Bot
309,Anna Kania,,48,,48,,,,,,,,,,,Bot
310,Denis Giles,,48,,,,,,,48,,,,,,Bot
311,Dominique Boyer,Nitro,48,,,,,48,,,,,,,,Bot
312,Emil Pilc,Systech,48,,,,48,,,,,,,,,Bot
313,Jonathon Deleon,,48,,,23,,25,,,,,,,,Bot
314,Luan Vasconcelos,,48,,,,,,,,,,48,,,Bot
315,Robert Van den Berg,,48,,,,,,,10,,,,20,18,Bot
316,Roland Fontaine,,48,,,,35,,,,,13,,,,Bot
317,Touki Abe,,48,48,,,,,,,,,,,,Bot
318,Xianquan Lai,,48,,48,,,,,,,,,,,Bot
319,Alejandro Guzman,Titans,47,,47,,,,,,,,,,,Bot
320,Branko Ljubojević,,47,12,,,,,,35,,,,,,Bot
321,Frances Peters,Kumori,47,47,,,,,,,,,,,,Bot
322,Isaiah Villanueva,,47,,,,,47,,,,,,,,Bot
323,Joshua Mohit,Ampex,47,,,,,,,,,47,,,,Bot
324,Manuel Henriques,,47,,,,,,,47,,,,,,Bot
325,Mathieu Robert,Monova,47,,,19,,,,,,,,,28,Bot
326,Menachem Levy,,47,,,,,,,,,,47,,,Bot
327,Ronald Van Beek,Aguda,47,,,,,,,,,,,47,,Bot
328,Tarek Khalil,,47,,,,,,47,,,,,,,Bot
329,Thomas Martin,,47,,,,47,,,,,,,,,Bot
330,Brooks Trevino,,46,,,,,,,,,,,46,,Bot
331,Dagbjartur Guðmundsson,,46,,,,,,46,,,,,,,Bot
332,Edward Li,Base,46,,,,,46,,,,,,,,Bot
333,Erwin Dougherty,,46,,,,,,46,,,,,,,Bot
334,Ethan Appadoo,Capital,46,,,46,,,,,,,,,,Bot
335,Giotto D'Angelo,,46,,,,46,,,,,,,,,Bot
336,Haruto Sugahara,eVOX,46,,,,,,,,,,46,,,Bot
337,Jes Clemmensen,Meisterkuhl,46,0,9,,37,,,,,,,,,Bot
338,Leah Mackay,Sherpa,46,,46,,,,,,,,,,,Bot
339,Noe Mcbride,,46,,16,8,,,,,,,22,,,Bot
340,Qingjin Wan,,46,46,,,,,,,,,,,,Bot
341,Shivansh Khanna,Formix,46,,,,,,20,,,,,,26,Bot
342,Tomas Mendez,,46,,,,,46,,,,,,,,Bot
343,Vardan Stepanyan,,46,,46,,,,,,,,,,,Bot
344,Augusto Pereira,,45,,27,,,,18,,,,,,,Bot
345,Birger Olesen,,45,,,18,,,,,,27,,,,Bot
346,Guy Khan,,45,,,,,,,,,,45,,,Bot
347,Haneul Yun,,45,,,,,,45,,,,,,,Bot
348,Heiko Lang,,45,,,,,,,,,,,45,,Bot
349,Koji Ōtsuka,,45,,,,,,,45,,,,,,Bot
350,Norris Arnold,Fujikai,45,,,45,,,,,,,,,,Bot
351,Paola Conti,,45,45,,,,,,,,,,,,Bot
352,Simon Ibrahim,,45,,,,,,,,,,45,,,Bot
353,Chris Savard,,44,,,,,,,,44,,,,,Bot
354,Christopher Dixon,Titans,44,,,,44,,,,,,,,,Bot
355,Ciro Martinelli,,44,,,,,,,,,,44,,,Bot
356,Cyril Flores,Fiber Shot,44,,,,,,,,,,14,30,,Bot
357,David Alleyne,,44,44,,,,,,,,,,,,Bot
358,Fulu Leong,Windsail,44,,44,,,,,,,,,,,Bot
359,Paul Zimmermann,Ampex,44,,44,,,,,,,,,,,Bot
360,Sandra Wallace,,44,,,,44,,,,,,,,,Bot
361,Serge Muller,Heat,44,,,,,,,,,,,44,,Bot
362,Andreas Sandvik,,43,,,43,,,,,,,,,,Bot
363,George De Garis,Fable,43,,,,,,,,,,,,43,Bot
364,Igor Mraz,,43,,15,28,,,,,,,,,,Bot
365,Julie Morin,Saint,43,,,,,,21,,22,,,,,Bot
366,Malong Thon,Eckleson,43,,,,,,,,,,43,,,Bot
367,Martin Hoekstra,,43,,43,,,,,,,,,,,Bot
368,Nico Winkler,Douvan,43,,,,,,,,43,,,,,Bot
369,Omar Rana,,43,43,,,,,,,,,,,,Bot
370,Stig Samuelsson,Formix,43,,,,,,,,,,43,,,Bot
371,Tomislav Sinkovits,Orbit,43,20,,23,,,,,,,,,,Bot
372,Youssouf Abdallah,,43,,0,,,,,,,43,,,,Bot
373,Antonia Rios,,42,,,,,,,,,,,42,,Bot
374,Berry Wilkerson,Capital,42,,,9,,,33,,,,,,,Bot
375,Carlos Vargas,Titans,42,,,,,,,42,,,,,,Bot
376,Graciela Zimmerman,,42,,,,,,25,,,,17,,,Bot
377,Jokūbas Petrauskas,,42,,,,,,,,,,42,,,Bot
378,Louise Leclercq,,42,,42,,,,,,,,,,,Bot
379,Niraj Tamang,,42,,,,,,42,,,,,,,Bot
380,Reef Cohen,,42,5,37,,,,,,,,,,,Bot
381,Roger Isaksen,Aguda,42,,,,,42,,,,,,,,Bot
382,Ulrik Andersson,eVOX,42,,,,,,,,,,,42,,Bot
383,Wendell Hall,Krowen,42,,,42,,,,,,,,,,Bot
384,Yangchen Mongar,Dashix,42,42,,,,,,,,,,,,Bot
385,Alberto Rodriguez,,41,,,,,,,,,,41,,,Bot
386,Cassio Leonardi,,41,,,,,,,,,,,41,,Bot
387,Gregory Ray,Nuvio,41,,,,,,,41,,,,,,Bot
388,Jose Cabrera,,41,,,41,,,,,,,,,,Bot
389,Jose Montoya,,41,,41,,,,,,,,,,,Bot
390,Kaede Kikuchi,,41,,,,,,,,,,,,41,Bot
391,Mariano McCoy,Formix,41,,,,,,,,,,,41,,Bot
392,Nestor Rosas,HCOM,41,,,,41,,,,,,,,,Bot
393,Raphaël Klein,Formix,41,41,,,,,,,,,,,,Bot
394,Stephen Jones,,41,,,,,,,,,,41,,,Bot
395,Stéphane Giraud,Roklit,41,,,,,,41,,,,,,,Bot
396,Tad Hardy,Base,41,,,,11,,30,,,,,,,Bot
397,Tiyamike Kasiya,,41,,41,,,,,,,,,,,Bot
398,Augustine Conner,,40,,,,,,,40,,,,,,Bot
399,Eirik Strand,,40,,,,,,,,,,40,,,Bot
400,Emilio Medina,,40,,,,,,,40,,,,,,Bot
401,Goran Tsyplakov,Zonkify,40,,40,,,,,,,,,,,Bot
402,Julio Atkinson,AMO Solutions,40,,,,,40,,,,,,,,Bot
403,Keven Böhm,,40,,,21,6,,,13,,,,,,Bot
404,Luís Bastos,,40,,40,,,,,,,,,,,Bot
405,Marc Legrand,,40,40,,,,,,,,,,,,Bot
406,Milo Bishop,,40,,,,21,,,,,,19,,,Bot
407,Atsuki Ueda,,39,0,,25,,14,,,,,,,,Bot
408,Bradley Xiong,,39,,,,,,,,,,39,,,Bot
409,Chad Moody,,39,,,,,,,39,,,,,,Bot
410,Haruki Wada,,39,,,,,,,,,,,39,,Bot
411,Mack Burton,,39,,39,,,,,,,,,,,Bot
412,Thomas Cameron,,39,,,,39,,,,,,,,,Bot
413,Toivo Huttunen,Aria Olefson,39,,,,,,22,17,,,,,,Bot
414,Tony Berube,Base,39,39,,,,,,,,,,,,Bot
415,Vitor Guerreiro,,39,10,,11,,,18,,,,,,,Bot
416,Wouter Jansen,Capital,39,,,39,,,,,,,,,,Bot
417,Yutai Thien,Roklit,39,33,,,,,,6,,,,,,Bot
418,Boris Livaja,,38,,,,,,,,,,38,,,Bot
419,Christian Möller,,38,,,13,,25,,,,,,,,Bot
420,Elvis Noble,Pioma,38,,16,22,,,,,,,,,,Bot
421,Juan Montes,,38,,,,,,,,,,,38,,Bot
422,Lasse Busch,,38,,,,,,,,,,,38,,Bot
423,Laurens Deneve,Race3R,38,,,,38,,,,,,,,,Male
424,Luboslaw Živulić,,38,,,,,,,,,38,,,,Bot
425,Michael Kelemen,Zonkify,38,38,,,,,,,,,,,,Bot
426,Nobutoshi Takahashi,,38,,,,38,,,,,,,,,Bot
427,Roberto Rivas,,38,8,,,,,,,,,30,,,Bot
428,Runchu Lim,AI Thunder,38,,38,,,,,,,,,,,Bot
429,Sara Anderson,Fujikai,38,,38,,,,,,,,,,,Bot
430,Sergio Cortes,,38,,,38,,,,,,,,,,Bot
431,Takashi Kondō,,38,11,0,,,,27,,,,,,,Bot
432,Ton Van Dam,,38,,,,,38,,,,,,,,Bot
433,Vladimir Balabanov,,38,,,,,,,,,,38,,,Bot
434,Benjamin Mizrahi,,37,37,,,,,,,,,,,,Bot
435,Filip Đurišić,Fujikai,37,,,,,,,,37,,,,,Bot
436,Ilay Mishchenko,,37,,37,,,,,,,,,,,Bot
437,Jovan Kulyk,AI Thunder,37,,,,,,37,,,,,,,Bot
438,Lavi Yaakv,Nitro,37,,,,,,37,,,,,,,Bot
439,Mathis Martin,Optech,37,,,37,,,,,,,,,,Bot
440,Micah Curry,Ampex,37,,,37,,,,,,,,,,Bot
441,Otto Daniel,,37,18,,,,,,19,,,,,,Bot
442,Albin Isaksson,Fujikai,36,,36,,,,,,,,,,,Bot
443,Brian McIntosh,,36,,,,,,,,,,36,,,Bot
444,Eemil Rantanen,,36,,,,,,,,,,36,,,Bot
445,Gordon Atkinson,Sherpa,36,,,,,,,,36,,,,,Bot
446,Kyaw Min,,36,,,,,,36,,,,,,,Bot
447,Malte Stein,,36,,,,,,,,,36,,,,Bot
448,Manfred Graf,,36,,36,,,,,,,,,,,Bot
449,Niilo Pulkkinen,True Form,36,15,,,,,,,,,,,21,Bot
450,Ria Van Vliet,Aria Olefson,36,,,,,,,36,,,,,,Bot
451,Sascha Ziegler,,36,,18,18,,,,,,,,,,Bot
452,Thomas French,Base,36,,,20,,16,,,,,,,,Bot
453,Arthur Clercq,,35,,12,23,,,,,,,,,,Bot
454,Brock Todd,Douvan,35,,,,,,,,35,,,,,Bot
455,Eirik Steen,,35,,35,,,,,,,,,,,Bot
456,Fatou Njie,,35,,,35,,,,,,,,,,Bot
457,Harin Pan,Monova,35,,35,,,,,,,,,,,Bot
458,Igor Jastrow,AMO Solutions,35,9,,26,,,,,,,,,,Bot
459,Jens Lenz,,35,,,,,,,,,,,,35,Bot
460,Kai Schulz,,35,,,,,,,,35,,,,,Bot
461,Kordian Stępień,,35,,,,,,,,,,35,,,Bot
462,Krystian Kania,Hinal,35,,,,,,,,,,,35,,Bot
463,Louise Johnson,Hector,35,35,,,,,,,,,,,,Bot
464,Luis Garcia,Meisterkuhl,35,,,,,35,,,,,,,,Bot
465,Santino Juarez,eVOX,35,,,,,,,35,,,,,,Bot
466,Alan Velasquez,,34,,,,,,,,34,,,,,Bot
467,Amparo Aranda,eVOX,34,,34,,,,,,,,,,,Bot
468,Buford Scott,,34,,,,,34,,,,,,,,Bot
469,Evelyn Smith,,34,,34,,,,,,,,,,,Bot
470,Harrison Bridges,,34,,,,,,34,,,,,,,Bot
471,Kentaro Sasaki,Delta,34,,,,,,,,,7,,27,,Bot
472,Lars Ødegård,,34,,,,,,,,,17,,17,,Bot
473,Luboslaw Šunjić,,34,34,,,,,,,,,,,,Bot
474,Mateus da Costa,,34,,,,16,18,,,,,,,,Bot
475,Matteo Marchal,Zonkify,34,,,,,,,,,34,,,,Bot
476,Netanel Cohen,Orbit,34,,,34,,,,,,,,,,Bot
477,Po Testa,,34,,,,,34,,,,,,,,Bot
478,Tomislav Rebić,Eckleson,34,,,,,,,,,,,34,,Bot
479,Tun Win,,34,,,,34,,,,,,,,,Bot
480,Tyrone Montes,,34,,,,,,,23,,,,11,,Bot
481,Daisuke Saitō,,33,,,33,,,,,,,,,,Bot
482,Felix Hurst,,33,,,,,,,,,,33,,,Bot
483,Frank Hartmann,,33,,,,30,,,,3,,,,,Bot
484,Helge Munk,,33,,,,,33,,,,,,,,Bot
485,Kaan Tekin,,33,,,,33,,,,,,,,,Bot
486,Lane Cunningham,Base,33,,,,,,,,,,,33,,Bot
487,May Ayers,,33,,,,,,,,33,,,,,Bot
488,Risto Aalto,,33,,,,,,,,,33,,,,Bot
489,Rüdiger Hoffmann,Saitama,33,,,17,,,,,,0,,16,,Bot
490,Tammie Rollins,,33,,33,,,,,,,,,,,Bot
491,Thabit Goh,,33,,28,5,,,,,,,,,,Bot
492,Thad Franklin,,33,,,33,,,,,,,,,,Bot
493,Carlo Moretti,,32,,,32,,,,,,,,,,Bot
494,Enzo Angelini,,32,,,,,,,32,,,,,,Bot
495,Georges Robinson,,32,,32,,,,,,,,,,,Bot
496,Habib Alam,,32,,,,,,,,32,,,,,Bot
497,Hillary Acosta,Nuvio,32,32,,,,,,,,,,,,Bot
498,Ioannis Kyriacou,,32,,,,,,,,,,,,32,Bot
499,Kaique Correia,,32,19,,13,,,,,,,,,,Bot
500,Kian Winter,Dashix,32,,,,,,,,,21,,11,,Bot
501,Latifa Hajar,,32,,,,,,,,,,,32,,Bot
502,Michael Papp,Nitro,32,,,7,7,18,,,,,,,,Bot
503,Sher Pillai,Pioma,32,,,,,,,32,,,,,,Bot
504,Simon Pfeifer,AMO Solutions,32,,32,,,,,,,,,,,Bot
505,Alexei Ljubinković,,31,,,,,,,,,,31,,,Bot
506,Andrey Stoyanov,Systech,31,,,,,,,,8,,23,,,Bot
507,Arjan Peters,Roklit,31,,,,,31,,,,,,,,Bot
508,Chana Laviy,,31,,31,,,,,,,,,,,Bot
509,Gustav Iiyambo,,31,,,,,,31,,,,,,,Bot
510,Nicolas Jung,,31,12,,,19,,,,,,,,,Bot
511,Pierre Mba,,31,11,,,20,,,,,,,,,Bot
512,Sam Henry,,31,,10,,,,,,,,21,,,Bot
513,Samuel Olszewski,,31,31,,,,,,,,,,,,Bot
514,Seppe André,,31,,,,,,,,31,,,,,Bot
515,Thomas Dionne,,31,,,,31,,,,,,,,,Bot
516,Yvonne Greve,Nitro,31,,,,,31,,,,,,,,Bot
517,Asia Pellegrino,Systech,30,,,,,,30,,,,,,,Bot
518,Fotios Ioannou,Fujikai,30,,,,10,,,,,20,,,,Bot
519,Giuseppe Santoro,,30,,,,,,,,30,,,,,Bot
520,Jean Francois,,30,,,,,,,,,,30,,,Bot
521,Lazaro Miller,,30,,,,,,,30,,,,,,Bot
522,Michael Van Dam,,30,,,30,,,,,,,,,,Bot
523,Neil Savard,,30,,,,,,,,,,,30,,Bot
524,Sameh Al Dosari,Systech,30,,,,,,,,9,,21,,,Bot
525,Serdar Orazov,,30,,30,,,,,,,,,,,Bot
526,Shelton Aguirre,YES,30,,,,,,,,,,,,30,Bot
527,Axel Eriksson,HCOM,29,,,,,,,29,,,,,,Bot
528,Bunothyan San,Aria Olefson,29,,,,,,,,29,,,,,Bot
529,Daisy Quillin,,29,,,,29,,,,,,,,,Bot
530,Emiliano Ceccarelli,Zonkify,29,0,5,,,,24,,,,,,,Bot
531,Eoin Graham,eVOX,29,,,,29,,,,,,,,,Bot
532,Erik Gunnarsson,,29,,,,,,,,,,,,29,Bot
533,Hannu Lehtinen,,29,0,,29,,,,,,,,,,Bot
534,Michael Laugesen,Fable,29,,29,,,,,,,,,,,Bot
535,Milana Kramarić,,29,,29,,,,,,,,,,,Bot
536,Robert Daly,AMO Solutions,29,29,,,,,,,,,,,,Bot
537,Hikaru Hayashi,,28,,,,,,,,,28,,,,Bot
538,Kai Graf,Sherpa,28,,28,,,,,,,,,,,Bot
539,Kenzo Ichikawa,Titans,28,,,,,,,28,,,,,,Bot
540,Lilla Boros,Windsail,28,,28,,,,,,,,,,,Bot
541,Nooa Saari,,28,9,,,9,,,,10,,,,,Bot
542,Stepan Yshchenko,Monova,28,,,,,28,,,,,,,,Bot
543,Aleksander Sandvik,,27,,,27,,,,,,,,,,Bot
544,Andre Van Dam,,27,27,,,,,,,,,,,,Bot
545,Baekhyun Ga,,27,,,,27,,,,,,,,,Bot
546,Dennis Paquet,,27,,,,,,,,,,27,,,Bot
547,Eetu Koskinen,Capital,27,,,,,,,,,,,,27,Bot
548,Luis Soler,,27,,,,,,,,27,,,,,Bot
549,Ove Sandberg,Sherpa,27,,,27,,,,,,,,,,Bot
550,Roman Swanson,,27,,,,,27,,,,,,,,Bot
551,Sam Magalei,,27,,,,,,,,,,,27,,Bot
552,Seung Ham,,27,,,,,,,,,,27,,,Bot
553,Tapio Partanen,,27,,,,,27,,,,,,,,Bot
554,Wolfgang Jansen,Aguda,27,,27,,,,,,,,,,,Bot
555,Albin Jonsson,,26,,,,,,,,,,26,,,Bot
556,Antonio Martins,Nuvio,26,,,,17,,,,,,9,,,Bot
557,Arseni Serdarušić,,26,16,,,,,,,,,,10,,Bot
558,Birgitte Ødegård,,26,,,,,,,,,,,26,,Bot
559,Charles Friesen,,26,,4,,,,,,,22,,,,Bot
560,Christopher Diaz,Douvan,26,,,,,,,,,,26,,,Bot
561,Faro Guidi,,26,,,,26,,,,,,,,,Bot
562,Freddie Gillespie,,26,,,,,,,,,,,26,,Bot
563,Gregory Stark,,26,,,,,26,,,,,,,,Bot
564,Jackson Roberts,,26,26,,,,,,,,,,,,Bot
565,Kazimir Plakalović,,26,,,,,,,,26,,,,,Bot
566,Kelly Wolf,,26,,,,,,,,,26,,,,Bot
567,Keven Krause,Aguda,26,,,26,,,,,,,,,,Bot
568,Neville Miller,Saint,26,,,,,,,26,,,,,,Bot
569,Nico Schmidt,,26,,,,,,,26,,,,,,Bot
570,Nicolas Reyes,,26,,,,,,26,,,,,,,Bot
571,Orville Harris,Douvan,26,,,26,,,,,,,,,,Bot
572,Ton De Vries,,26,11,,,,,15,,,,,,,Bot
573,Vincent Phillips,,26,,,,,,,,,,26,,,Bot
574,Wyatt Barrera,,26,,26,,,,,,,,,,,Bot
575,Andrej Moszkovicz,,25,,,,,,,,,25,,,,Bot
576,Banri Takata,,25,,,,,,,,25,,,,,Bot
577,Bojidar Yankov,,25,,,,25,,,,,,,,,Bot
578,Cristian Contreras,Nitro,25,,,,,,,6,13,,6,,,Bot
579,Igor Kosecki,Patriot,25,,,,,,,,,,25,,,Bot
580,Jennifer Meier,,25,,,,,,,,,,8,17,,Bot
581,Keven Kaiser,,25,,,,,,,,,,,25,,Bot
582,Lachlan Crawford,,25,,,,,,,,,,,,25,Bot
583,Matt Mullins,,25,25,,,,,,,,,,,,Bot
584,Patrick De Graaf,HCOM,25,,,,,25,,,,,,,,Bot
585,Rena Walton,,25,,25,,,,,,,,,,,Bot
586,Thomas Moen,,25,,,25,,,,,,,,,,Bot
587,Vagn Juul,,25,,,,,,,25,,,,,,Bot
588,Elie Ndayizeye,Windsail,24,,,,,,,24,,,,,,Bot
589,Grant Crane,Eckleson,24,,24,,,,,,,,,,,Bot
590,Hendrik Jansen,,24,,,24,,,,,,,,,,Bot
591,Igor Levitsky,HCOM,24,,,,,,,,24,,,,,Bot
592,Jan Sadowski,,24,,24,,0,0,,,,,,,,Bot
593,Jean-Marc Cloutier,Fable,24,,,,,,8,,,,,16,,Bot
594,Joshua Hendrickx,,24,8,0,,,,16,,,,,,,Bot
595,Lucas Moreau,Fiber Shot,24,,,,,,10,,14,,,,,Bot
596,Madeleine Gauthier,,24,24,,,,,,,,,,,,Bot
597,Niklas Axelsson,Meisterkuhl,24,,,,24,,,,,,,,,Bot
598,Nolan Salgado,Capital,24,,,,24,,,,,,,,,Bot
599,Peer Lauritsen,Sherpa,24,,,,,,,,,,,24,,Bot
600,Richard Dowling,,24,,,,,,,,24,,,0,,Male
601,Rosa Martinez,,24,,,,,,,,,24,,,,Bot
602,Vladimir Šećerović,,24,7,,4,,,,,,,,,13,Bot
603,Blaine Cain,,23,,,,,,,,,,,,23,Bot
604,Boyd Hill,,23,,23,,,,,,,,,,,Bot
605,Chris Gordon,,23,23,,,,,,,,,,,,Bot
606,Emmanuel Contreras,,23,,,,23,,,,,,,,,Bot
607,George Wheeler,,23,,,,,10,,,,,,13,,Bot
608,Jose Redondo,,23,,,,8,,,,,,15,,,Bot
609,Juan Carlos Rosendo,Capital,23,,,,,,,,,,23,,,Bot
610,Karolina Albrecht,,23,,,,,,,,,,,23,,Bot
611,Mamadou Diallo,,23,,,,,,23,,,,,,,Bot
612,Milán Németh,,23,,,,,,,,,,23,,,Bot
613,Mārtiņš Eglītis,,23,9,,14,,,,,,,,,,Bot
614,Noor Lejeune,Base,23,,23,,,,,,,,,,,Bot
615,Patrick Jansen,HCOM,23,,,23,,,,,,,,,,Bot
616,Scotty Alexander,,23,,,,,23,,,,,,,,Bot
617,Agustín Muñoz,,22,,,,,,,,,,22,,,Bot
618,Børge Overgaard,,22,,,,,,,,22,,,,,Bot
619,Dario Bernardi,,22,,,22,,,,,,,,,,Bot
620,Denis David,,22,,,10,,12,,,,,,,,Bot
621,Erik Hansen,,22,,22,,,,,,,,,,,Bot
622,Hans Jansson,Titans,22,,,,,,,,,,,,22,Bot
623,Jamar Olsen,,22,,,,,,,,,,,22,,Bot
624,Joon Cheon,Hector,22,,,,22,,,,,,,,,Bot
625,lisa Ibragimova,AMO Solutions,22,22,,,,,,,,,,,,Bot
626,Marlene Hansen,,22,,,9,,,13,,,,,,,Bot
627,Mika Walter,Kumori,22,,,11,,11,,,,,,,,Bot
628,Vivian Leal,,22,,22,,,,,,,,,,,Bot
629,Bill Cantu,AI Thunder,21,,21,,,,,,,,,,,Bot
630,Emanuel Stephenson,Optech,21,12,,,,,,,,,,9,,Bot
631,Enzo Andre,Orbit,21,,,,,,21,,,,,,,Bot
632,Even Johansen,,21,,,,,5,,9,,,7,,,Bot
633,Gabriel Ouellet,,21,,,,,21,,,,,,,,Bot
634,Georges Lecomte,,21,,,,21,,,,,,,,,Bot
635,Julie Morel,,21,,,,,,,21,,,,,,Bot
636,Mathys Aerts,Fiber Shot,21,,,,,,,,,,21,,,Bot
637,Nicolo de,Dashix,21,21,,,,,,,,,,,,Bot
638,Otso Lappalainen,,21,,,21,,,,,,,,,,Bot
639,Ralf Scholz,,21,,,,,,,,21,,,,,Bot
640,Tobias Åström,AI Thunder,21,,,,,21,,,,,,,,Bot
641,Trey Foley,,21,,,,,12,,,,,,9,,Bot
642,Valeria Morelli,,21,,21,,,,,,,,,,,Bot
643,Willem Van Leeuwen,,21,,,,14,7,,,,,,,,Bot
644,Adele Cohen,Systech,20,,,,,,14,,,,6,,,Bot
645,Jacek Urbański,Aria Olefson,20,,9,,,,,,,,,,11,Bot
646,Jan Smets,,20,,,,,,,,,,12,8,,Bot
647,Jia-Li Luo,Patriot,20,,,,,20,,,,,,,,Bot
648,Kajetan Adamski,,20,,,,,,,,,,,20,,Bot
649,Ken Sasaki,,20,,,,,,,,,,20,,,Bot
650,Linus Fischer,,20,,,,20,,,,,,,,,Bot
651,Marek Konopka,,20,,,,,7,,,,,13,,,Bot
652,Stefano Ferro,YES,20,,20,,,,,,,,,,,Bot
653,Trude Isaksen,,20,,20,,,,,,,,,,,Bot
654,Uri Vaknin,,20,,,20,,,,,,,,,,Bot
655,Antonio Piccolo,Orbit,19,,,,,,19,,,,,,,Bot
656,Boyd Townsend,AMO Solutions,19,,,,,,,19,,,,,,Bot
657,Denis Robertson,,19,,,6,,13,,,,,,,,Bot
658,Duarte Campos,,19,,19,,,,,,,,,,,Bot
659,Duri Myeong,,19,,,19,,,,,,,,,,Bot
660,Dwayne Mann,,19,,,19,,,,,,,,,,Bot
661,Lelia Mercado,Eckleson,19,,,,,,19,,,,,,,Bot
662,Minho Ryu,Delta,19,,,11,,,,,,,8,,,Bot
663,Nadia Bykhovets,Eckleson,19,19,,,,,,,,,,,,Bot
664,Niilo Lindholm,,19,,,,,,,,,,,19,,Bot
665,Raimo Manninen,,19,,,,,,,,,,19,,,Bot
666,Timo Schwarz,Nitro,19,,19,,,,,,,,,,,Bot
667,Alexandre Mathieu,,18,,,,,,,,18,,,,,Bot
668,Christian Campbell,Patriot,18,,,,,,,,,,18,,,Bot
669,Damien Gautier,Nuvio,18,,,,,,,,,,,18,,Bot
670,Dobroslav Didak,,18,,,,,,,,4,,,14,,Bot
671,Elia Caputo,,18,,14,4,0,,,,,,,,,Bot
672,Floyd Dickerson,Douvan,18,,,,,,,,,,18,,,Bot
673,Gerhard Lang,Titans,18,,,,,,,18,,,,,,Bot
674,Glen Dupuis,,18,,18,,,,,,,,,,,Bot
675,Gracie Silva,,18,,,,,11,,,,,,7,,Bot
676,Jovana Kostiuchenko,,18,,,,,,,,,,18,,,Bot
677,Luke Mizzi,,18,,,18,,,,,,,,,,Bot
678,Paul Hendriks,,18,,,,,,,,,,9,,9,Bot
679,Sten Söderberg,,18,,18,,,,,,,,,,,Bot
680,Sven Nordin,Saitama,18,,,,,,,,,18,,,,Bot
681,Toivo Ikonen,,18,,,,,18,,,,,,,,Bot
682,Albert Banza,,17,17,,,,,,,,,,,,Bot
683,Alexey Smagulov,,17,,,,17,,,,,,,,,Bot
684,Bayram Polat,,17,,,,,,3,,,,,,14,Bot
685,Ben Hughes,,17,,,,,,9,,,,8,,,Bot
686,Benard Munene,,17,,,,,,,,17,,,,,Bot
687,Elliot Gentry,True Form,17,,,,,17,,,,,,,,Bot
688,Fiorenzo Caruso,Delta,17,,,17,,,,,,,,,,Bot
689,Germain Walsh,,17,,17,,,,,,,,,,,Bot
690,Hajar Al-Muqbali,Fable,17,,,,,,,,14,,,3,,Bot
691,Ingrid Peters,Patriot,17,,,,,,,,,,17,,,Bot
692,Leola Gutierrez,,17,,17,,,,,,,,,,,Bot
693,Mathéo Michiels,,17,,,,,,,,8,9,,,,Bot
694,Nathan Bertrand,,17,,,,,17,,,,,,,,Bot
695,Oliver Fraser,Roklit,17,,,17,,,,,,,,,,Bot
696,Romeo Melis,YES,17,,,5,,,,,12,,,,,Bot
697,Thomas Hogan,Formix,17,,,,,,17,,,,,,,Bot
698,Bilal Dupont,Orbit,16,,,,,,,16,,,,,,Bot
699,Claude Masson,,16,,,,16,,,,,,,,,Bot
700,Dennis Henderson,Kumori,16,,,,,,,,,,16,,,Bot
701,Dobroslav Mijačika,Fable,16,,,,,,,,,,16,,,Bot
702,Eliseo Pastore,Aria Olefson,16,16,,,,,,,,,,,,Bot
703,Galo Alvarez,Sherpa,16,,,,,,,16,,,,,,Bot
704,Ian Lloyd,,16,,,16,,,,,,,,,,Bot
705,Julio Esparza,,16,,,,,,,,,,16,,,Bot
706,Lena Meier,,16,,,,,,16,,,,,,,Bot
707,Lucien Archer,AI Thunder,16,,,,,,,,16,,,,,Bot
708,Matagi Tupulua,Zonkify,16,,,7,,,,,9,,,,,Bot
709,Mateo Lombardo,,16,,,,,,,,,16,,,,Bot
710,Mihaela Pavlova,Optech,16,,16,,,,,,,,,,,Bot
711,Numbers Orozco,Monova,16,,,,7,9,,,,,,,,Bot
712,Takehiko Katō,,16,,16,,,,,,,,,,,Bot
713,Bo Johansen,,15,15,,,,,,,,,,,,Bot
714,Jakob Lundberg,,15,,,,,,,,,,,15,,Bot
715,jesper hvisthule,FilsøAktivNatur-BikePro,15,,,,0,,,,,,,15,0,Male
716,Jordan Baumann,Titans,15,,,15,,,,,,,,,,Bot
717,Joseph Leroy,,15,,,,,,,,,,15,,,Bot
718,Latifah Che,Nitro,15,,15,0,,,,,,,0,,,Bot
719,Loren Decker,,15,,,,,,,,15,,,,,Bot
720,Michail Oikonomou,YES,15,,,0,0,,,,,,15,,,Bot
721,Remo Moretti,,15,,,,,,,15,,,,,,Bot
722,Roger Blanc,Fujikai,15,,,,,,,15,,,,,,Bot
723,Roger Hagen,Fujikai,15,,,,,,,,,15,,,,Bot
724,Salem Patel,Zonkify,15,0,,,,,15,,,,,,,Bot
725,Salvatore Perrone,,15,,,,11,,,,,,,4,,Bot
726,Siwoo Bu,,15,,,,,,,,,,,,15,Bot
727,Vance McDonald,Douvan,15,,,,,15,,,,,,,,Bot
728,Andrea Ferrante,,14,,,,,14,,,,,,,,Bot
729,Dávid Dudás,,14,,,14,,0,,,,,,,,Bot
730,Gabriel Lehmann,Aspire,14,,14,,,,,,,,,,,Bot
731,Jose Gallego,Hinal,14,,14,,,,,,,,,,,Bot
732,Leandro Simone,,14,,,,,,,,,14,,,,Bot
733,Mateo Rojas,Patriot,14,,,,,,,14,,,,,,Bot
734,Tomas Alvarez,,14,,,8,,,,,,,,,6,Bot
735,Alfonso Garofalo,Saint,13,,,13,,,,,,,,,,Bot
736,Anthony Lewis,,13,,,,,,,,,,13,,,Bot
737,Antonio Vazquez,,13,,,13,,,,,,,,,,Bot
738,Aurelio Bautista,Pioma,13,,13,,,,,,,,,,,Bot
739,Brice Mboumba,,13,,,,,,13,,,,,,,Bot
740,Marie Martin,Aria Olefson,13,,,,,,,,,,,13,,Bot
741,Michael Bos,Capital,13,,,,,,,13,,,,,,Bot
742,Pieteer Vos,Roklit,13,,,,,,,,,,13,,,Bot
743,Ronnie Johansson,AMO Solutions,13,,13,,,,,,,,,,,Bot
744,Sallie Yates,AMO Solutions,13,,,,13,,,,,,,,,Bot
745,Stan Barajas,,13,,,,,13,,,,,,,,Bot
746,Stephan Weber,,13,,,,,8,,,,,5,,,Bot
747,Thomas Lindberg,,13,,,,13,,,,,,,,,Bot
748,Abraham Taha,,12,,12,,,,,,,,,,,Bot
749,Anneke De Boer,,12,,,,12,,,,,,,,,Bot
750,Craig Friesen,,12,,,,,,,7,,,,5,,Bot
751,Edward Parker,Saitama,12,,,,,,,,,,12,,,Bot
752,Glenn Flynn,,12,,12,,,,,,,,,,,Bot
753,Hakan Çalişkan,,12,4,,,,,8,,,,,,,Bot
754,Hugo Lindqvist,,12,,,,,,12,,,,,,,Bot
755,Itai Suissa,,12,,,,,,,,,,,12,,Bot
756,Nelson Lucas,HCOM,12,,,,12,,,,,,,,,Bot
757,Nicolas Marchal,AI Thunder,12,,,,,12,,,,,,,,Bot
758,Pavlos Christou,,12,0,,12,,,,,,,,,,Bot
759,Per Ali,,12,,,12,,,,,,,,,,Bot
760,Sara Napolitano,,12,,,12,,,,,,,,,,Bot
761,Silas Good,Krowen,12,,,,,,12,,,,,,,Bot
762,Terry Burton,,12,,,,,,,,,,4,8,,Bot
763,Titas Giedraitis,,12,12,,,,,,,,,,,,Bot
764,Van Schmidt,,12,,0,,,,,,,,12,,,Bot
765,Vernon Creque,Zonkify,12,,,,,,,,,,,12,,Bot
766,Vito Durham,,12,,,,,,,,,12,,,,Bot
767,Adam Morgan,Wadenterror,11,,,,,,,11,,,,,,Male
768,Daniel Galindo,,11,,,,,,,11,,,,,,Bot
769,Dirk Rabenstein,,11,,,,,,,,,,11,,,Bot
770,Haneul Pi,Pioma,11,,,,,,,,11,,,,,Bot
771,Jiehong Lài,Pioma,11,,,,,11,,,,,,,,Bot
772,Karen Rodriguez,Patriot,11,,11,,,,,,,,,,,Bot
773,Kazimir Mogilny,,11,,,,,,11,,,,,,,Bot
774,marc brazeau73,,11,,,,,,,,,,11,,,Male
775,Mostafa El Masry,Meisterkuhl,11,,11,,,,,,,,,,,Bot
776,Nicholas Leung,,11,,,,11,,,,,,,,,Bot
777,Tom Kenny,,11,,,,,,11,,,,,,,Bot
778,Vittorio Ferrero,,11,,,11,,,,,,,,,,Bot
779,Anaïs Michel,Base,10,,,,,,,,,10,,,,Bot
780,Eemil Pitkänen,,10,,10,,,,,,,,,,,Bot
781,Elian König,Formix,10,,,,,,,,,,10,,,Bot
782,Fazeel Zuhair,AI Thunder,10,,,,,,10,,,,,,,Bot
783,Jay Porter,Nuvio,10,,10,,,,,,,,,,,Bot
784,Levi Glass,,10,,,,,,,,10,,,,,Bot
785,Monique Kuipers,Krowen,10,,,,,10,,,,,,,,Bot
786,Nathan Boeri,,10,,,,,,,,,,,10,,Bot
787,Pieteer Blom,,10,,,10,,,,,,,,,,Bot
788,Raymond Tate,,10,,,10,,,,,,,,,,Bot
789,Reinhold Busch,,10,,,,,,,,,,10,,,Bot
790,Rocco Dal,,10,,,10,,,,,,,,,,Bot
791,Ronald Jansen,Roklit,10,,,,,,,10,,,,,,Bot
792,Seongsu Seung,HCOM,10,,,,,,,,,,,,10,Bot
793,Wim Jansen,,10,,,,,,,,,,10,,,Bot
794,Adrian Kamiński,,9,9,,,,,,,,,,,,Bot
795,Davis Hanna,Hinal,9,,,,,,,,,,9,,,Bot
796,Hayate Sugiyama,Windsail,9,,9,,,,,,,,,,,Bot
797,Jefferson Bowers,,9,,,,,,,9,,,,,,Bot
798,Liam Cuthbert,YES,9,,,9,,,,,,,,,,Bot
799,Liam Mungroo,Eckleson,9,,,,,9,,,,,,,,Bot
800,Matias Rivera,AI Thunder,9,,,,,,9,,,,,,,Bot
801,Morris Vega,,9,,,,9,,,,,,,,,Bot
802,Winnie Muchiri,,9,,9,,,,,,,,,,,Bot
803,Alice Collard,Nuvio,8,,8,,,,,,,,,,,Bot
804,Allegra Bentley,,8,,,,,,,8,,,,,,Bot
805,Bart Janssen,,8,,2,,,,,,,,,6,,Bot
806,Bert Van Leeuwen,,8,,,8,,,,,,,,,,Bot
807,Charlie Corlett,Krowen,8,,8,,,,,,,,,,,Bot
808,Christoph Winter,,8,8,,,,,,,,,,,,Bot
809,Marvin Cruz,,8,,,,,,,,,,3,5,,Bot
810,Mateo Martinez,,8,,,,8,,,,,,,,,Bot
811,Pekka Pesonen,Krowen,8,,,,,,,,,,,,8,Bot
812,Ronald Van den Berg,,8,,,8,,,,,,,,,,Bot
813,Sofia Santos,Monova,8,,,,,8,,,,,,,,Bot
814,Ulysses Cantu,Heat,8,,,,,,,,,8,,,,Bot
815,William Andrade,,8,,,,,,,8,,,,,,Bot
816,Andrej Pliskin,,7,,,,,,7,,,,,,,Bot
817,Archie Macleod,Windsail,7,,,,,,7,,,,,,,Bot
818,Daniel Neugebauer,Pedalers,7,,,,,,,,,,7,,,Male
819,Daniel Riviere,Sherpa,7,,,,,,,,,,,7,,Bot
820,Hester Jennings,,7,,,,7,,,,,,,,,Bot
821,Jacques Chevalier,Eckleson,7,,,,,,,,,,3,4,,Bot
822,Juan Medina,,7,,,,,,,,7,,,,,Bot
823,Kamil Klochkov,,7,,7,,,,,,,,,,,Bot
824,Ludovic Giorgi,,7,,,7,,,,,,,,,,Bot
825,Marco Kuipers,Pioma,7,,,,,,,,7,,,,,Bot
826,Mark Gregersen,Krowen,7,,,,,,,,,,,,7,Bot
827,Martin Schouten,Ampex,7,,,,,,,,,,7,,,Bot
828,Naseer Omar,Patriot,7,,,7,,,,,,,,,,Bot
829,Paula Bērziņa,Hector,7,7,,,,,,,,,,,,Bot
830,Walter Mwaniki,,7,,,,,,,7,,,,,,Bot
831,Andrew Walker,Wadenterror,6,,,,,6,,,,,,,,Male
832,Archie Evans,,6,,,,,6,,,,,,,,Bot
833,Ayush Poudel,,6,,,,,,,,,6,,,,Bot
834,David Clercq,,6,,,6,,,,,,,,,,Bot
835,Enzo Lefevre,Eckleson,6,,,6,,,,,,,,,,Bot
836,Giacomo Moretti,,6,,,6,,,,,,,,,,Bot
837,Johnny McKay,,6,,6,,,,,,,,,,,Bot
838,Katla Einarsson,Aguda,6,,,,,,6,,,,,,,Bot
839,Khalil Younis,,6,,,,,,6,,,,,,,Bot
840,Leonardo Mosca,,6,,,,,,,,,,,6,,Bot
841,Omar Sahraoui,,6,,,,6,,,,,,,,,Bot
842,Rocco Colangelo,Team Lou,6,,,,6,,,,,,,,,Male
843,Susanne Krog,,6,,,,,,,,,,6,,,Bot
844,Cecil Edwards,,5,,,,,,,,5,,,,,Bot
845,Christopher Delarosa,,5,,,,,,,,5,,,,,Bot
846,Edward James,Formix,5,,,,,,,,,,5,,,Bot
847,Farid Rahmonov,AMO Solutions,5,,5,,,,,,,,,,,Bot
848,Hiram Cain,,5,,,,,,,,,,5,,,Bot
849,Nils Berger,,5,,,,,,5,,,,,,,Bot
850,Nils Blom,,5,,,,5,,,,,,,,,Bot
851,Raul Escudero,,5,,,5,,,,,,,,,,Bot
852,Tiago Queirós,Patriot,5,,,,,,,5,,,,,,Bot
853,Vasileios Lamprou,Formix,5,,,,5,,,,,0,,,,Bot
854,Bojidar Osman,,4,,,,4,,,,,,,,,Bot
855,Edwin Shaw,Optech,4,,,,,,,4,,,,,,Bot
856,Hendrik Becker,,4,,,,,,4,,,,,,,Bot
857,Hugo Clement,Delta,4,4,,,,,,,,,,,,Bot
858,Livo Mattila,,4,,,,,,,,,,4,,,Bot
859,Mohammad Beil,Titans,4,,4,,,,,,,,,,,Bot
860,Suleiman Rahman,,4,,,,,,4,,,,,,,Bot
861,Vittorio Godoy,,4,,,,,,,,,,4,,,Bot
862,Abraham Haile,,3,,,,,,0,3,,,,,,Bot
863,Anis Chong,Titans,3,,,,,,,,3,,,,,Bot
864,Arnaud Dubois,Aguda,3,,,3,,,,,,,,,,Bot
865,Chris White,,3,,,,,,,3,,,,,,Male
866,Diana Jarvis,Pioma,3,,,3,,,,,,,,,,Bot
867,Don Harvey,,3,,,,,,,,,,3,,,Bot
868,Ezra Stephens,Saint,3,,,,,3,,,,,,,,Bot
869,Isaac Herrera,,3,,3,,,,,,,,,,,Bot
870,Jaden Seymour,,3,,,,0,,,1,,,2,,,Bot
871,Alex Montgomery,,2,,,,,,,,,,2,,,Bot
872,Josh Wambui,,2,,,,,,,,2,,,,,Bot
873,Rob Meijer,Sherpa,2,,,,,,,2,,,,,,Bot
874,Rocco Negri,,2,,,,,0,,2,,,,,,Bot
875,Tim Simpkins,Newhall.cc,2,,2,,,,,,,,,,,Male
876,Urho Heikkilä,,2,,,,,2,,,,,,,,Bot
877,Artem Kushnir,,1,,1,,,,,,,,,,,Bot
878,Emory Friedman,,1,,,0,,,,,,,1,,,Bot
879,George Barry,,1,,,,,,,,1,,,,,Bot
880,Goran Pantić,,1,,,,,0,,1,,,,,,Bot
881,Renzo Giannini,,1,1,,,,,,,,,,,,Bot
882,Zhengyu Loong,,,,,,,,,,,,,,,Bot
883,Zhiyu Foo,,,,,,,,,,,,,,,Bot
884,Zhiyu Shak,Delta,,,,,,,,,,,,,,Bot