EventKey,Pen,Place,Name,Team,Country,Time,DeltaTime,Distance,Time Normal,Base,Gender,UID,ARR,ARRBand,EventRating,EventRatingBand,AgeBand,Pen Group,Week,Type,Points,Elevation,Pen Size,Pen Group,Total Rating,Pen Rating,Pen Range,Race Type
100215,0,1,Guadalupe Robles,,gbr,5865.6,0.0,70499.843,,0,Bot,Bot9983,1585,Platinum 3,1585,Platinum 3,,Platinum 3,Week 01 | Great Ocean Road Race,Spring Classics 2026,403,807,40,Platinum,59740,1494,0.05,Climb
100215,0,2,Lasse Ikonen,Sherpa,fin,5865.9,317.0,70499.843,,0,Bot,Bot8120,1564,Platinum 3,1564,Platinum 3,,Platinum 3,Week 01 | Great Ocean Road Race,Spring Classics 2026,397,807,40,Platinum,59740,1494,0.05,Climb
100215,0,3,Mansour Salem,,uae,5878.0,12424.0,70499.843,,0,Bot,Bot7051,1488,Platinum 2,1488,Platinum 2,,Platinum 3,Week 01 | Great Ocean Road Race,Spring Classics 2026,392,807,40,Platinum,59740,1494,0.05,Climb
100215,0,4,Theodore Burton,,sgp,5878.5,12889.0,70499.843,,0,Bot,Bot1290,1475,Platinum 2,1475,Platinum 2,,Platinum 3,Week 01 | Great Ocean Road Race,Spring Classics 2026,387,807,40,Platinum,59740,1494,0.05,Climb
100215,0,5,Marcel Bourgeois,,fra,5889.8,24248.0,70499.843,,0,Bot,Bot9059,1499,Platinum 2,1499,Platinum 2,,Platinum 3,Week 01 | Great Ocean Road Race,Spring Classics 2026,381,807,40,Platinum,59740,1494,0.05,Climb
100215,0,6,Carlos Carmona,,esp,5890.0,24442.0,70499.843,,0,Bot,Bot958,1430,Platinum 2,1430,Platinum 2,,Platinum 3,Week 01 | Great Ocean Road Race,Spring Classics 2026,376,807,40,Platinum,59740,1494,0.05,Climb
100215,0,7,Francisco Matsinhe,,moz,5898.0,32448.0,70499.843,,0,Bot,Bot3390,1475,Platinum 2,1475,Platinum 2,,Platinum 3,Week 01 | Great Ocean Road Race,Spring Classics 2026,370,807,40,Platinum,59740,1494,0.05,Climb
100215,0,8,Ian Ortiz,AMO Solutions,arg,5899.3,33698.0,70499.843,,0,Bot,Bot2339,1427,Platinum 2,1427,Platinum 2,,Platinum 3,Week 01 | Great Ocean Road Race,Spring Classics 2026,365,807,40,Platinum,59740,1494,0.05,Climb
100215,0,9,Filip Černý,,svk,5899.8,34198.0,70499.843,,0,Bot,Bot1553,1566,Platinum 3,1566,Platinum 3,,Platinum 3,Week 01 | Great Ocean Road Race,Spring Classics 2026,360,807,40,Platinum,59740,1494,0.05,Climb
100215,0,10,Michael Franke,,aut,5900.0,34393.0,70499.843,,0,Bot,Bot8655,1545,Platinum 3,1545,Platinum 3,,Platinum 3,Week 01 | Great Ocean Road Race,Spring Classics 2026,354,807,40,Platinum,59740,1494,0.05,Climb
100215,0,11,Mykhailo Miroshnichenko,Eckleson,ukr,5900.0,34393.0,70499.843,,0,Bot,Bot4027,1534,Platinum 3,1534,Platinum 3,,Platinum 3,Week 01 | Great Ocean Road Race,Spring Classics 2026,349,807,40,Platinum,59740,1494,0.05,Climb
100215,0,12,Barry Church,True Form,usa,5907.1,41492.0,70499.843,,0,Bot,Bot1315,1534,Platinum 3,1534,Platinum 3,,Platinum 3,Week 01 | Great Ocean Road Race,Spring Classics 2026,343,807,40,Platinum,59740,1494,0.05,Climb
100215,0,13,Nikola Serdarušić,,cze,5907.3,41680.0,70499.843,,0,Bot,Bot1352,1467,Platinum 2,1467,Platinum 2,,Platinum 3,Week 01 | Great Ocean Road Race,Spring Classics 2026,338,807,40,Platinum,59740,1494,0.05,Climb
100215,0,14,Rusty White,Dashix,aus,5915.9,50300.0,70499.843,,0,Bot,Bot711,1603,Diamond 1,1603,Diamond 1,,Platinum 3,Week 01 | Great Ocean Road Race,Spring Classics 2026,333,807,40,Diamond,59740,1494,0.05,Climb
100215,0,15,Kyeong Yeong,,kor,5942.5,76955.0,70499.843,,0,Bot,Bot3498,1395,Platinum 1,1395,Platinum 1,,Platinum 3,Week 01 | Great Ocean Road Race,Spring Classics 2026,327,807,40,Platinum,59740,1494,0.05,Climb
100215,0,16,Emil Kanev,,slo,5970.0,104392.0,70499.843,,0,Bot,Bot6141,1451,Platinum 2,1451,Platinum 2,,Platinum 3,Week 01 | Great Ocean Road Race,Spring Classics 2026,322,807,40,Platinum,59740,1494,0.05,Climb
100215,0,17,Dobroslav Pulszky,Aspire,srb,5970.2,104585.0,70499.843,,0,Bot,Bot1229,1360,Platinum 1,1360,Platinum 1,,Platinum 3,Week 01 | Great Ocean Road Race,Spring Classics 2026,316,807,40,Platinum,59740,1494,0.05,Climb
100215,0,18,Nabil Anwar,,uae,5991.8,126213.0,70499.843,,0,Bot,Bot9287,1435,Platinum 2,1435,Platinum 2,,Platinum 3,Week 01 | Great Ocean Road Race,Spring Classics 2026,311,807,40,Platinum,59740,1494,0.05,Climb
100215,0,19,Wout Mathieu,,bel,5996.2,130646.0,70499.843,,0,Bot,Bot4893,1476,Platinum 2,1476,Platinum 2,,Platinum 3,Week 01 | Great Ocean Road Race,Spring Classics 2026,306,807,40,Platinum,59740,1494,0.05,Climb
100215,0,20,Dennis Edwards,,can,5996.4,130833.0,70499.843,,0,Bot,Bot2747,1410,Platinum 2,1410,Platinum 2,,Platinum 3,Week 01 | Great Ocean Road Race,Spring Classics 2026,300,807,40,Platinum,59740,1494,0.05,Climb
100215,0,21,Santos Giles,Optech,usa,6000.3,134747.0,70499.843,,0,Bot,Bot1718,1594,Platinum 3,1594,Platinum 3,,Platinum 3,Week 01 | Great Ocean Road Race,Spring Classics 2026,295,807,40,Platinum,59740,1494,0.05,Climb
100215,0,22,Samuel Pires,,bra,6047.8,182215.0,70499.843,,0,Bot,Bot7393,1454,Platinum 2,1454,Platinum 2,,Platinum 3,Week 01 | Great Ocean Road Race,Spring Classics 2026,289,807,40,Platinum,59740,1494,0.05,Climb
100215,0,23,Eric Lemoine,,fra,6059.6,194070.0,70499.843,,0,Bot,Bot6162,1400,Platinum 2,1400,Platinum 2,,Platinum 3,Week 01 | Great Ocean Road Race,Spring Classics 2026,284,807,40,Platinum,59740,1494,0.05,Climb
100215,0,24,Jebediah Nielsen,Douvan,gbr,6059.9,194310.0,70499.843,,0,Bot,Bot2936,1521,Platinum 3,1521,Platinum 3,,Platinum 3,Week 01 | Great Ocean Road Race,Spring Classics 2026,279,807,40,Platinum,59740,1494,0.05,Climb
100215,0,25,Albert Krause,Fable,ger,6059.9,194347.0,70499.843,,0,Bot,Bot5110,1447,Platinum 2,1447,Platinum 2,,Platinum 3,Week 01 | Great Ocean Road Race,Spring Classics 2026,273,807,40,Platinum,59740,1494,0.05,Climb
100215,0,26,Hassan Al-Khatib,,syr,6060.0,194458.0,70499.843,,0,Bot,Bot3077,1410,Platinum 2,1410,Platinum 2,,Platinum 3,Week 01 | Great Ocean Road Race,Spring Classics 2026,268,807,40,Platinum,59740,1494,0.05,Climb
100215,0,27,Russ Ashley,,eng,6060.1,194528.0,70499.843,,0,Bot,Bot1077,1385,Platinum 1,1385,Platinum 1,,Platinum 3,Week 01 | Great Ocean Road Race,Spring Classics 2026,262,807,40,Platinum,59740,1494,0.05,Climb
100215,0,28,Edgars Krūmiņš,,lat,6060.2,194604.0,70499.843,,0,Bot,Bot1154,1437,Platinum 2,1437,Platinum 2,,Platinum 3,Week 01 | Great Ocean Road Race,Spring Classics 2026,257,807,40,Platinum,59740,1494,0.05,Climb
100215,0,29,Sebastian Ziółkowski,,pol,6086.2,220624.0,70499.843,,0,Bot,Bot2786,1389,Platinum 1,1389,Platinum 1,,Platinum 3,Week 01 | Great Ocean Road Race,Spring Classics 2026,252,807,40,Platinum,59740,1494,0.05,Climb
100215,0,30,Ritsu Sasaki,Saitama,jpn,6110.7,245150.0,70499.843,,0,Bot,Bot1034,1476,Platinum 2,1476,Platinum 2,,Platinum 3,Week 01 | Great Ocean Road Race,Spring Classics 2026,246,807,40,Platinum,59740,1494,0.05,Climb
100215,0,31,Max Roman,Aguda,gbr,6111.1,245507.0,70499.843,,0,Bot,Bot9633,1421,Platinum 2,1421,Platinum 2,,Platinum 3,Week 01 | Great Ocean Road Race,Spring Classics 2026,241,807,40,Platinum,59740,1494,0.05,Climb
100215,0,32,Daniel Pereira,Capital,esp,6111.1,245518.0,70499.843,,0,Bot,Bot4524,1375,Platinum 1,1375,Platinum 1,,Platinum 3,Week 01 | Great Ocean Road Race,Spring Classics 2026,235,807,40,Platinum,59740,1494,0.05,Climb
100215,0,33,Gabrielius Kazlauskas,HCOM,ltu,6132.8,267238.0,70499.843,,0,Bot,Bot201,1364,Platinum 1,1364,Platinum 1,,Platinum 3,Week 01 | Great Ocean Road Race,Spring Classics 2026,230,807,40,Platinum,59740,1494,0.05,Climb
100215,0,34,Dwayne Williams,eVOX,vin,6156.3,290766.0,70499.843,,0,Bot,Bot6305,1391,Platinum 1,1391,Platinum 1,,Platinum 3,Week 01 | Great Ocean Road Race,Spring Classics 2026,225,807,40,Platinum,59740,1494,0.05,Climb
100215,0,35,Jakob Hilti,,lie,6156.5,290955.0,70499.843,,0,Bot,Bot51,1380,Platinum 1,1380,Platinum 1,,Platinum 3,Week 01 | Great Ocean Road Race,Spring Classics 2026,219,807,40,Platinum,59740,1494,0.05,Climb
100215,0,36,Igor Ibišević,,svk,6180.3,314690.0,70499.843,,0,Bot,Bot2090,1407,Platinum 2,1407,Platinum 2,,Platinum 3,Week 01 | Great Ocean Road Race,Spring Classics 2026,214,807,40,Platinum,59740,1494,0.05,Climb
100215,0,37,Minjun Ran,,kor,6180.3,314695.0,70499.843,,0,Bot,Bot2172,1408,Platinum 2,1408,Platinum 2,,Platinum 3,Week 01 | Great Ocean Road Race,Spring Classics 2026,208,807,40,Platinum,59740,1494,0.05,Climb
100215,0,38,Fraser Kinnaird,,sco,6180.3,314757.0,70499.843,,0,Bot,Bot2453,1379,Platinum 1,1379,Platinum 1,,Platinum 3,Week 01 | Great Ocean Road Race,Spring Classics 2026,203,807,40,Platinum,59740,1494,0.05,Climb
100215,0,39,Lasse Schmidt,,sui,6180.5,314896.0,70499.843,,0,Bot,Bot3070,1469,Platinum 2,1469,Platinum 2,,Platinum 3,Week 01 | Great Ocean Road Race,Spring Classics 2026,198,807,40,Platinum,59740,1494,0.05,Climb
100215,0,40,Even Øistensen,Race3R,nor,6241.9,376325.0,70499.843,,0,Male,A4DD9760300BDC00,1485,Platinum 2,1485,Platinum 2,50-54,Platinum 3,Week 01 | Great Ocean Road Race,Spring Classics 2026,192,807,40,Platinum,59740,1494,0.05,Climb
100214,0,1,Tingtai Khong,,CHN,5747.0,0.0,70499.843,,0,Bot,Bot4571,1735,Diamond 2,1735,Diamond 2,,Diamond 2,Week 01 | Great Ocean Road Race,Spring Classics 2026,422,807,32,Diamond,50096,1566,0.52,Climb
100214,0,2,David Talbott,Ride 4 Claire,USA,5806.0,59.1,70499.843,,0,Male,40B0170FB0748402,1721,Diamond 2,1721,Diamond 2,35-39,Diamond 2,Week 01 | Great Ocean Road Race,Spring Classics 2026,412,807,32,Diamond,50096,1566,0.52,Climb
100214,0,3,Money Matt,Ride 4 Claire,USA,5822.4,75.4,70499.843,,0,Male,AF1EE59E08C91C62,1610,Diamond 1,1610,Diamond 1,40-44,Diamond 2,Week 01 | Great Ocean Road Race,Spring Classics 2026,401,807,32,Diamond,50096,1566,0.52,Climb
100214,0,4,Michael Carilli,Ride 4 Claire,USA,5822.6,75.6,70499.843,,0,Male,BDEFB7D89F966E00,100,Bronze 1,1358,Platinum 1,35-39,Diamond 2,Week 01 | Great Ocean Road Race,Spring Classics 2026,391,807,32,Platinum,50096,1566,0.52,Climb
100214,0,5,Lon Huber,AI Thunder,NZL,5825.5,78.5,70499.843,,0,Bot,Bot7700,1697,Diamond 1,1697,Diamond 1,,Diamond 2,Week 01 | Great Ocean Road Race,Spring Classics 2026,381,807,32,Diamond,50096,1566,0.52,Climb
100214,0,6,Johan Nordlund,,FIN,5855.7,108.7,70499.843,,0,Male,1EB278C6D11F98B9,100,Bronze 1,1470,Platinum 2,45-49,Diamond 2,Week 01 | Great Ocean Road Race,Spring Classics 2026,371,807,32,Platinum,50096,1566,0.52,Climb
100214,0,7,Wendell Shannon,,SWE,5856.7,109.7,70499.843,,0,Bot,Bot4857,1621,Diamond 1,1621,Diamond 1,,Diamond 2,Week 01 | Great Ocean Road Race,Spring Classics 2026,360,807,32,Diamond,50096,1566,0.52,Climb
100214,0,8,David Semianczuk,,USA,5886.0,139.1,70499.843,,0,Male,3EA530BE060EAFB2,100,Bronze 1,236,Bronze 1,Senior,Diamond 2,Week 01 | Great Ocean Road Race,Spring Classics 2026,350,807,32,Bronze,50096,1566,0.52,Climb
100214,0,9,Alexandre Peigne,Race3R,FRA,6048.9,302.0,70499.843,,0,Male,9A5A42A2AAD1410F,1521,Platinum 3,1521,Platinum 3,45-49,Diamond 2,Week 01 | Great Ocean Road Race,Spring Classics 2026,340,807,32,Platinum,50096,1566,0.52,Climb
100214,0,10,Mike Raasch,,USA,6322.8,575.8,70499.843,,0,Male,8148071B8BEDD546,1366,Platinum 1,1366,Platinum 1,40-44,Diamond 2,Week 01 | Great Ocean Road Race,Spring Classics 2026,329,807,32,Platinum,50096,1566,0.52,Climb
100214,0,11,Dobroslav Pulszky,Aspire,SRB,6350.6,603.6,70499.843,,0,Bot,Bot1229,1359,Platinum 1,1359,Platinum 1,,Diamond 2,Week 01 | Great Ocean Road Race,Spring Classics 2026,319,807,32,Platinum,50096,1566,0.52,Climb
100214,0,12,Jay  Santi,Pedalers,CAN,6544.8,797.8,70499.843,,0,Male,DEE9CDE9AAFC3773,1155,Gold 2,1155,Gold 2,50-54,Diamond 2,Week 01 | Great Ocean Road Race,Spring Classics 2026,309,807,32,Gold,50096,1566,0.52,Climb
100214,0,13,Matthieu Hubert,Race3R,FRA,6598.3,851.4,70499.843,,0,Male,E1D0C43C683EFE3B,1393,Platinum 1,1393,Platinum 1,45-49,Diamond 2,Week 01 | Great Ocean Road Race,Spring Classics 2026,298,807,32,Platinum,50096,1566,0.52,Climb
100214,0,14,Ben Barnard,,USA,6598.5,851.5,70499.843,,0,Male,57EEDD4AF25DBCF8,100,Bronze 1,790,Silver 1,50-54,Diamond 2,Week 01 | Great Ocean Road Race,Spring Classics 2026,288,807,32,Silver,50096,1566,0.52,Climb
100214,0,15,marc brazeau73,,CAN,6665.2,918.2,70499.843,,0,Male,D60DC4E2489B21F4,1070,Gold 1,1070,Gold 1,50-54,Diamond 2,Week 01 | Great Ocean Road Race,Spring Classics 2026,278,807,32,Gold,50096,1566,0.52,Climb
100214,0,16,Ryan Yates,Allkin Racing,USA,6679.5,932.5,70499.843,,0,Male,2FDBB5DD4345DCB5,1274,Gold 3,1274,Gold 3,40-44,Diamond 2,Week 01 | Great Ocean Road Race,Spring Classics 2026,267,807,32,Gold,50096,1566,0.52,Climb
100214,0,17,Sam Carr,,IRL,6696.7,949.8,70499.843,,0,Male,43E79B19CD19653E,1050,Gold 1,1050,Gold 1,Senior,Diamond 2,Week 01 | Great Ocean Road Race,Spring Classics 2026,257,807,32,Gold,50096,1566,0.52,Climb
100214,0,18,J McMurray,BaseCamp Train Where You Belong,USA,6769.9,1022.9,70499.843,,0,Male,A57692F853784DDF,100,Bronze 1,1416,Platinum 2,50-54,Diamond 2,Week 01 | Great Ocean Road Race,Spring Classics 2026,247,807,32,Platinum,50096,1566,0.52,Climb
100214,0,19,jesper hvisthule,FilsøAktivNatur-BikePro,DEN,6770.2,1023.2,70499.843,,0,Male,26A831C3832714A4,989,Silver 3,989,Silver 3,60-64,Diamond 2,Week 01 | Great Ocean Road Race,Spring Classics 2026,236,807,32,Silver,50096,1566,0.52,Climb
100214,0,20,Luis Morales,,CUB,6893.6,1146.6,70499.843,,0,Bot,Bot71,1186,Gold 2,1186,Gold 2,,Diamond 2,Week 01 | Great Ocean Road Race,Spring Classics 2026,226,807,32,Gold,50096,1566,0.52,Climb
100214,0,21,Lorna Anderson,,JAM,6906.3,1159.3,70499.843,,0,Bot,Bot3863,949,Silver 3,949,Silver 3,,Diamond 2,Week 01 | Great Ocean Road Race,Spring Classics 2026,216,807,32,Silver,50096,1566,0.52,Climb
100214,0,22,Jongwoo Gan,Saitama,KOR,7179.3,1432.4,70499.843,,0,Bot,Bot4134,659,Bronze 3,659,Bronze 3,,Diamond 2,Week 01 | Great Ocean Road Race,Spring Classics 2026,206,807,32,Bronze,50096,1566,0.52,Climb
100214,0,23,Thomas Thomas,,WAL,7290.1,1543.1,70499.843,,0,Bot,Bot4076,945,Silver 3,945,Silver 3,,Diamond 2,Week 01 | Great Ocean Road Race,Spring Classics 2026,195,807,32,Silver,50096,1566,0.52,Climb
100214,0,24,Sultan Bolatbek,Monova,KAZ,7294.2,1547.2,70499.843,,0,Bot,Bot6019,781,Silver 1,781,Silver 1,,Diamond 2,Week 01 | Great Ocean Road Race,Spring Classics 2026,185,807,32,Silver,50096,1566,0.52,Climb
100214,0,25,Lara Byrne,,NIR,7575.7,1828.7,70499.843,,0,Bot,Bot2079,921,Silver 3,921,Silver 3,,Diamond 2,Week 01 | Great Ocean Road Race,Spring Classics 2026,175,807,32,Silver,50096,1566,0.52,Climb
100214,0,26,Gary Desselle,,GBR,7695.9,1949.0,70499.843,,0,Male,6D31F9C8F4E80B58,100,Bronze 1,298,Bronze 1,45-49,Diamond 2,Week 01 | Great Ocean Road Race,Spring Classics 2026,164,807,32,Bronze,50096,1566,0.52,Climb
100214,0,27,Sarah Hershkovitz,,ISR,7844.8,2097.8,70499.843,,0,Bot,Bot8396,646,Bronze 3,646,Bronze 3,,Diamond 2,Week 01 | Great Ocean Road Race,Spring Classics 2026,154,807,32,Bronze,50096,1566,0.52,Climb
100214,0,28,Nadia Borovsky,,SVK,7879.2,2132.3,70499.843,,0,Bot,Bot6252,741,Silver 1,741,Silver 1,,Diamond 2,Week 01 | Great Ocean Road Race,Spring Classics 2026,144,807,32,Silver,50096,1566,0.52,Climb
100214,0,29,Rosalie Holland,Nitro,GBR,7918.2,2171.3,70499.843,,0,Bot,Bot4937,579,Bronze 2,579,Bronze 2,,Diamond 2,Week 01 | Great Ocean Road Race,Spring Classics 2026,133,807,32,Bronze,50096,1566,0.52,Climb
100214,0,30,Elza Kalniņš,,LAT,7957.9,2210.9,70499.843,,0,Bot,Bot2972,583,Bronze 2,583,Bronze 2,,Diamond 2,Week 01 | Great Ocean Road Race,Spring Classics 2026,123,807,32,Bronze,50096,1566,0.52,Climb
100214,0,31,Hanneke Janssen,,NED,7993.2,2246.2,70499.843,,0,Bot,Bot8763,707,Silver 1,707,Silver 1,,Diamond 2,Week 01 | Great Ocean Road Race,Spring Classics 2026,113,807,32,Silver,50096,1566,0.52,Climb
100214,0,32,Line Lund,,NOR,7993.5,2246.5,70499.843,,0,Bot,Bot6158,667,Bronze 3,667,Bronze 3,,Diamond 2,Week 01 | Great Ocean Road Race,Spring Classics 2026,102,807,32,Bronze,50096,1566,0.52,Climb
100214,0,DNF,Anna Pavey,,USA,36.2,0.0,199.011,,0,Female,74F672B7FCF20D36,100,Bronze 1,343,Bronze 1,50-54,Diamond 2,Week 01 | Great Ocean Road Race,Spring Classics 2026,,807,32,Bronze,50096,1566,0.52,Climb
100214,0,DNF,Daniel Pereira,Capital,ESP,132.8,0.0,1082.101,,0,Bot,Bot4524,1364,Platinum 1,1364,Platinum 1,,Diamond 2,Week 01 | Great Ocean Road Race,Spring Classics 2026,,807,32,Platinum,50096,1566,0.52,Climb
100214,0,DNF,Thomas Helveg,Pure Power,DEN,168.2,0.0,1391.098,,0,Male,1380A6ADAED1F442,1004,Gold 1,1004,Gold 1,55-59,Diamond 2,Week 01 | Great Ocean Road Race,Spring Classics 2026,,807,32,Gold,50096,1566,0.52,Climb
100214,0,DNF,Laurent Johnston,,CAN,192.8,0.0,1843.431,,0,Bot,Bot483,358,Bronze 1,358,Bronze 1,,Diamond 2,Week 01 | Great Ocean Road Race,Spring Classics 2026,,807,32,Bronze,50096,1566,0.52,Climb
100214,0,DNF,Kamal Khan,Orbit,UAE,252.8,0.0,2543.944,,0,Bot,Bot1003,674,Bronze 3,674,Bronze 3,,Diamond 2,Week 01 | Great Ocean Road Race,Spring Classics 2026,,807,32,Bronze,50096,1566,0.52,Climb
100214,0,DNF,Don Debois,,USA,329.6,0.0,2840.646,,0,Male,40CF2316AFA29A80,100,Bronze 1,1416,Platinum 2,40-44,Diamond 2,Week 01 | Great Ocean Road Race,Spring Classics 2026,,807,32,Platinum,50096,1566,0.52,Climb
100214,0,DNF,Rob Miller,Race3R,USA,804.9,0.0,8571.928,,0,Male,5419CFD111515433,1223,Gold 3,1223,Gold 3,60-64,Diamond 2,Week 01 | Great Ocean Road Race,Spring Classics 2026,,807,32,Gold,50096,1566,0.52,Climb
100214,0,DNF,Angelo De Lima,,BRA,1093.7,0.0,8037.68,,0,Male,4D1C1421768E5CA9,100,Bronze 1,186,Bronze 1,45-49,Diamond 2,Week 01 | Great Ocean Road Race,Spring Classics 2026,,807,32,Bronze,50096,1566,0.52,Climb
100214,0,DNF,Emma Pereira,True Form,URU,2689.6,0.0,25517.234,,0,Bot,Bot8015,644,Bronze 3,644,Bronze 3,,Diamond 2,Week 01 | Great Ocean Road Race,Spring Classics 2026,,807,32,Bronze,50096,1566,0.52,Climb
100214,0,DNF,Javed Al-Naimi,Ampex,UAE,2749.5,0.0,28129.042,,0,Bot,Bot8114,995,Silver 3,995,Silver 3,,Diamond 2,Week 01 | Great Ocean Road Race,Spring Classics 2026,,807,32,Silver,50096,1566,0.52,Climb
100214,0,DNF,Harriet Bryant,Systech,ENG,3769.6,0.0,33616.695,,0,Bot,Bot9004,468,Bronze 1,468,Bronze 1,,Diamond 2,Week 01 | Great Ocean Road Race,Spring Classics 2026,,807,32,Bronze,50096,1566,0.52,Climb
100214,0,DNF,Thiago Podolsky,,BRA,3816.0,0.0,32409.986,,0,Male,B52BF943FA48D0FC,100,Bronze 1,103,Bronze 1,45-49,Diamond 2,Week 01 | Great Ocean Road Race,Spring Classics 2026,,807,32,Bronze,50096,1566,0.52,Climb
100214,0,DNF,Hilda McKay,,RSA,3829.6,0.0,34128.796,,0,Bot,Bot1677,529,Bronze 2,529,Bronze 2,,Diamond 2,Week 01 | Great Ocean Road Race,Spring Classics 2026,,807,32,Bronze,50096,1566,0.52,Climb
100214,0,DNF,Kenzo Shimizu,,JPN,3829.6,0.0,38921.359,,0,Bot,Bot6274,913,Silver 3,913,Silver 3,,Diamond 2,Week 01 | Great Ocean Road Race,Spring Classics 2026,,807,32,Silver,50096,1566,0.52,Climb
100214,0,DNF,David  Hassan,,GBR,4334.3,0.0,44779.546,,0,Male,AE2E685B2FC356FB,100,Bronze 1,416,Bronze 1,55-59,Diamond 2,Week 01 | Great Ocean Road Race,Spring Classics 2026,,807,32,Bronze,50096,1566,0.52,Climb
100214,0,DNF,Nelli Peltonen,,FIN,7741.9,0.0,53766.421,,0,Bot,Bot8046,316,Bronze 1,316,Bronze 1,,Diamond 2,Week 01 | Great Ocean Road Race,Spring Classics 2026,,807,32,Bronze,50096,1566,0.52,Climb
100214,0,DNF,Antonia Roth,Windsail,GER,7801.9,0.0,61542.437,,0,Bot,Bot2023,418,Bronze 1,418,Bronze 1,,Diamond 2,Week 01 | Great Ocean Road Race,Spring Classics 2026,,807,32,Bronze,50096,1566,0.52,Climb
100216,0,1,Mattia Ceccarelli,,ita,6321.6,0.0,70499.843,,0,Male,BCCED860EC8A2731,200,Carbon 2,1178,Gold 2,35-39,Gold 2,Week 01 | Great Ocean Road Race,Spring Classics 2026,306,807,43,Gold,48762,1134,0.20,Climb
100216,0,2,Raymond Duenas,,gum,6357.4,35777.0,70499.843,,0,Bot,Bot2042,1296,Gold 3,1296,Gold 3,,Gold 2,Week 01 | Great Ocean Road Race,Spring Classics 2026,301,807,43,Gold,48762,1134,0.20,Climb
100216,0,3,Chris Savard,,can,6396.3,74705.0,70499.843,,0,Bot,Bot1057,1192,Gold 2,1192,Gold 2,,Gold 2,Week 01 | Great Ocean Road Race,Spring Classics 2026,297,807,43,Gold,48762,1134,0.20,Climb
100216,0,4,Ken Ueta,Windsail,jpn,6455.3,133686.0,70499.843,,0,Bot,Bot8123,1123,Gold 2,1123,Gold 2,,Gold 2,Week 01 | Great Ocean Road Race,Spring Classics 2026,293,807,43,Gold,48762,1134,0.20,Climb
100216,0,5,Youchen Ho,Saitama,chn,6518.9,197242.0,70499.843,,0,Bot,Bot9634,1096,Gold 1,1096,Gold 1,,Gold 2,Week 01 | Great Ocean Road Race,Spring Classics 2026,288,807,43,Gold,48762,1134,0.20,Climb
100216,0,6,Eemil Saarinen,Saitama,fin,6519.0,197393.0,70499.843,,0,Bot,Bot2634,1152,Gold 2,1152,Gold 2,,Gold 2,Week 01 | Great Ocean Road Race,Spring Classics 2026,284,807,43,Gold,48762,1134,0.20,Climb
100216,0,7,Octavio Craig,Aguda,aus,6519.2,197585.0,70499.843,,0,Bot,Bot6633,1085,Gold 1,1085,Gold 1,,Gold 2,Week 01 | Great Ocean Road Race,Spring Classics 2026,279,807,43,Gold,48762,1134,0.20,Climb
100216,0,8,Tarek Khalil,,egy,6519.2,197585.0,70499.843,,0,Bot,Bot8768,1145,Gold 2,1145,Gold 2,,Gold 2,Week 01 | Great Ocean Road Race,Spring Classics 2026,275,807,43,Gold,48762,1134,0.20,Climb
100216,0,9,Marty Mendoza,,rsa,6559.1,237480.0,70499.843,,0,Bot,Bot8345,1079,Gold 1,1079,Gold 1,,Gold 2,Week 01 | Great Ocean Road Race,Spring Classics 2026,271,807,43,Gold,48762,1134,0.20,Climb
100216,0,10,Eldon Gross,Nitro,usa,6559.3,237644.0,70499.843,,0,Bot,Bot1837,980,Silver 3,980,Silver 3,,Gold 2,Week 01 | Great Ocean Road Race,Spring Classics 2026,266,807,43,Silver,48762,1134,0.20,Climb
100216,0,11,Roger Simon,,fra,6574.3,252714.0,70499.843,,0,Bot,Bot5796,1170,Gold 2,1170,Gold 2,,Gold 2,Week 01 | Great Ocean Road Race,Spring Classics 2026,262,807,43,Gold,48762,1134,0.20,Climb
100216,0,12,Arline Schwartz,eVOX,gbr,6599.2,277582.0,70499.843,,0,Bot,Bot5605,976,Silver 3,976,Silver 3,,Gold 2,Week 01 | Great Ocean Road Race,Spring Classics 2026,258,807,43,Silver,48762,1134,0.20,Climb
100216,0,13,Kelly Wolf,,rsa,6632.2,310540.0,70499.843,,0,Bot,Bot7163,1197,Gold 2,1197,Gold 2,,Gold 2,Week 01 | Great Ocean Road Race,Spring Classics 2026,253,807,43,Gold,48762,1134,0.20,Climb
100216,0,14,Alfie Gelling,Windsail,iom,6646.1,324457.0,70499.843,,0,Bot,Bot1923,1063,Gold 1,1063,Gold 1,,Gold 2,Week 01 | Great Ocean Road Race,Spring Classics 2026,249,807,43,Gold,48762,1134,0.20,Climb
100216,0,15,Daisy Quillin,,iom,6763.3,441655.0,70499.843,,0,Bot,Bot2846,1080,Gold 1,1080,Gold 1,,Gold 2,Week 01 | Great Ocean Road Race,Spring Classics 2026,244,807,43,Gold,48762,1134,0.20,Climb
100216,0,16,Ian Hall,Dashix,can,6763.6,442004.0,70499.843,,0,Bot,Bot8711,938,Silver 3,938,Silver 3,,Gold 2,Week 01 | Great Ocean Road Race,Spring Classics 2026,240,807,43,Silver,48762,1134,0.20,Climb
100216,0,17,Xianquan Lai,,chn,6796.4,474814.0,70499.843,,0,Bot,Bot5997,983,Silver 3,983,Silver 3,,Gold 2,Week 01 | Great Ocean Road Race,Spring Classics 2026,236,807,43,Silver,48762,1134,0.20,Climb
100216,0,18,Zhiyuan Sun,,tpe,6796.8,475143.0,70499.843,,0,Bot,Bot5674,943,Silver 3,943,Silver 3,,Gold 2,Week 01 | Great Ocean Road Race,Spring Classics 2026,231,807,43,Silver,48762,1134,0.20,Climb
100216,0,19,Lavínia Domingues,,bra,6796.8,475179.0,70499.843,,0,Bot,Bot288,953,Silver 3,953,Silver 3,,Gold 2,Week 01 | Great Ocean Road Race,Spring Classics 2026,227,807,43,Silver,48762,1134,0.20,Climb
100216,0,20,Lupe Goodwin,,eng,6796.9,475256.0,70499.843,,0,Bot,Bot8289,834,Silver 2,834,Silver 2,,Gold 2,Week 01 | Great Ocean Road Race,Spring Classics 2026,222,807,43,Silver,48762,1134,0.20,Climb
100216,0,21,Yutai Koong,,chn,6797.1,475484.0,70499.843,,0,Bot,Bot5290,1041,Gold 1,1041,Gold 1,,Gold 2,Week 01 | Great Ocean Road Race,Spring Classics 2026,218,807,43,Gold,48762,1134,0.20,Climb
100216,0,22,Mohammed Amrani,,mar,6822.5,500924.0,70499.843,,0,Bot,Bot956,984,Silver 3,984,Silver 3,,Gold 2,Week 01 | Great Ocean Road Race,Spring Classics 2026,214,807,43,Silver,48762,1134,0.20,Climb
100216,0,23,Sebastian Lang,Heat,ger,6822.7,501072.0,70499.843,,0,Bot,Bot9607,967,Silver 3,967,Silver 3,,Gold 2,Week 01 | Great Ocean Road Race,Spring Classics 2026,209,807,43,Silver,48762,1134,0.20,Climb
100216,0,24,Karolina Albrecht,,ger,6822.9,501235.0,70499.843,,0,Bot,Bot6741,997,Silver 3,997,Silver 3,,Gold 2,Week 01 | Great Ocean Road Race,Spring Classics 2026,205,807,43,Silver,48762,1134,0.20,Climb
100216,0,25,David Beck,,lie,6854.0,532349.0,70499.843,,0,Bot,Bot8466,1067,Gold 1,1067,Gold 1,,Gold 2,Week 01 | Great Ocean Road Race,Spring Classics 2026,201,807,43,Gold,48762,1134,0.20,Climb
100216,0,26,Omar Sahraoui,,alg,6902.6,580986.0,70499.843,,0,Bot,Bot8549,993,Silver 3,993,Silver 3,,Gold 2,Week 01 | Great Ocean Road Race,Spring Classics 2026,196,807,43,Silver,48762,1134,0.20,Climb
100216,0,27,Tom Ghan,Allkin Racing,usa,6919.3,597732.0,70499.843,,0,Male,59E553BC6444171B,974,Silver 3,974,Silver 3,60-64,Gold 2,Week 01 | Great Ocean Road Race,Spring Classics 2026,192,807,43,Silver,48762,1134,0.20,Climb
100216,0,28,Arthur Desmet,Aguda,bel,6920.0,598354.0,70499.843,,0,Bot,Bot5133,961,Silver 3,961,Silver 3,,Gold 2,Week 01 | Great Ocean Road Race,Spring Classics 2026,187,807,43,Silver,48762,1134,0.20,Climb
100216,0,29,Harold Stanton,Monova,usa,6923.7,602101.0,70499.843,,0,Bot,Bot7119,1007,Gold 1,1007,Gold 1,,Gold 2,Week 01 | Great Ocean Road Race,Spring Classics 2026,183,807,43,Gold,48762,1134,0.20,Climb
100216,0,30,Elena Pelletier,Fujikai,can,6932.6,611028.0,70499.843,,0,Bot,Bot5013,897,Silver 2,897,Silver 2,,Gold 2,Week 01 | Great Ocean Road Race,Spring Classics 2026,179,807,43,Silver,48762,1134,0.20,Climb
100216,0,31,Judson Richard,,eng,6956.1,634469.0,70499.843,,0,Bot,Bot5164,956,Silver 3,956,Silver 3,,Gold 2,Week 01 | Great Ocean Road Race,Spring Classics 2026,174,807,43,Silver,48762,1134,0.20,Climb
100216,0,32,Anthony Williams,,dma,6957.7,636089.0,70499.843,,0,Bot,Bot469,1031,Gold 1,1031,Gold 1,,Gold 2,Week 01 | Great Ocean Road Race,Spring Classics 2026,170,807,43,Gold,48762,1134,0.20,Climb
100216,0,33,Lars Ødegård,,nor,6983.5,661930.0,70499.843,,0,Bot,Bot5277,1039,Gold 1,1039,Gold 1,,Gold 2,Week 01 | Great Ocean Road Race,Spring Classics 2026,165,807,43,Gold,48762,1134,0.20,Climb
100216,0,34,Romeo Melis,YES,ita,6984.0,662343.0,70499.843,,0,Bot,Bot3735,1021,Gold 1,1021,Gold 1,,Gold 2,Week 01 | Great Ocean Road Race,Spring Classics 2026,161,807,43,Gold,48762,1134,0.20,Climb
100216,0,35,Bonnie Bass,,nzl,6984.0,662367.0,70499.843,,0,Bot,Bot2797,941,Silver 3,941,Silver 3,,Gold 2,Week 01 | Great Ocean Road Race,Spring Classics 2026,157,807,43,Silver,48762,1134,0.20,Climb
100216,0,36,Henrietta Kelly,,rsa,7041.4,719812.0,70499.843,,0,Bot,Bot3078,827,Silver 2,827,Silver 2,,Gold 2,Week 01 | Great Ocean Road Race,Spring Classics 2026,152,807,43,Silver,48762,1134,0.20,Climb
100216,0,37,Samnang Sok,Fiber Shot,cam,7282.5,960902.0,70499.843,,0,Bot,Bot316,691,Bronze 3,691,Bronze 3,,Gold 2,Week 01 | Great Ocean Road Race,Spring Classics 2026,148,807,43,Bronze,48762,1134,0.20,Climb
100216,0,38,Pylyp Kulik,,ukr,7322.6,1001005.0,70499.843,,0,Bot,Bot6856,849,Silver 2,849,Silver 2,,Gold 2,Week 01 | Great Ocean Road Race,Spring Classics 2026,144,807,43,Silver,48762,1134,0.20,Climb
100216,0,39,Devon Bond,Delta,rsa,7323.9,1002289.0,70499.843,,0,Bot,Bot4921,767,Silver 1,767,Silver 1,,Gold 2,Week 01 | Great Ocean Road Race,Spring Classics 2026,139,807,43,Silver,48762,1134,0.20,Climb
100216,0,40,Juliette Martens,,bel,7327.3,1005649.0,70499.843,,0,Bot,Bot3777,691,Bronze 3,691,Bronze 3,,Gold 2,Week 01 | Great Ocean Road Race,Spring Classics 2026,135,807,43,Bronze,48762,1134,0.20,Climb
100216,0,41,Seppo Parviainen,,fin,7350.6,1028999.0,70499.843,,0,Bot,Bot8081,969,Silver 3,969,Silver 3,,Gold 2,Week 01 | Great Ocean Road Race,Spring Classics 2026,130,807,43,Silver,48762,1134,0.20,Climb
100216,0,42,Aron Lambert,Formix,usa,7350.8,1029134.0,70499.843,,0,Bot,Bot5017,769,Silver 1,769,Silver 1,,Gold 2,Week 01 | Great Ocean Road Race,Spring Classics 2026,126,807,43,Silver,48762,1134,0.20,Climb
100216,0,43,Samantha Henderson,HCOM,can,7350.9,1029292.0,70499.843,,0,Bot,Bot9101,1002,Gold 1,1002,Gold 1,,Gold 2,Week 01 | Great Ocean Road Race,Spring Classics 2026,122,807,43,Gold,48762,1134,0.20,Climb
100216,0,DNF,Christie Eaton,,rsa,6972.6,0.0,61486.699,,0,Bot,Bot8782,667,Bronze 3,667,Bronze 3,,Gold 2,Week 01 | Great Ocean Road Race,Spring Classics 2026,,807,43,Bronze,48762,1134,0.20,Climb
100216,0,DNF,Roland Renaud,,fra,7032.6,0.0,63046.703,,0,Bot,Bot2967,1014,Gold 1,1014,Gold 1,,Gold 2,Week 01 | Great Ocean Road Race,Spring Classics 2026,,807,43,Gold,48762,1134,0.20,Climb
100216,0,DNF,Concordio Navarro,Kumori,phi,7092.6,0.0,64242.429,,0,Bot,Bot5640,706,Silver 1,706,Silver 1,,Gold 2,Week 01 | Great Ocean Road Race,Spring Classics 2026,,807,43,Silver,48762,1134,0.20,Climb
100216,0,DNF,Ralf Wolf,,sui,7152.6,0.0,65909.46,,0,Bot,Bot3057,726,Silver 1,726,Silver 1,,Gold 2,Week 01 | Great Ocean Road Race,Spring Classics 2026,,807,43,Silver,48762,1134,0.20,Climb
100216,0,DNF,Kaisa Hänninen,,fin,7212.6,0.0,66758.57,,0,Bot,Bot6587,731,Silver 1,731,Silver 1,,Gold 2,Week 01 | Great Ocean Road Race,Spring Classics 2026,,807,43,Silver,48762,1134,0.20,Climb
100216,0,DNF,Brenton Drake,,usa,7272.6,0.0,67846.992,,0,Bot,Bot2493,700,Silver 1,700,Silver 1,,Gold 2,Week 01 | Great Ocean Road Race,Spring Classics 2026,,807,43,Silver,48762,1134,0.20,Climb
100217,0,1,Tingtai Khong,,chn,5809.0,0.0,70499.843,,0,Bot,Bot4571,1733,Diamond 2,1733,Diamond 2,,Diamond 2,Week 01 | Great Ocean Road Race,Spring Classics 2026,433,807,46,Diamond,73899,1607,0.13,Climb
100217,0,2,Luis Guerrero,,col,5809.9,892.0,70499.843,,0,Bot,Bot8075,1632,Diamond 1,1632,Diamond 1,,Diamond 2,Week 01 | Great Ocean Road Race,Spring Classics 2026,428,807,46,Diamond,73899,1607,0.13,Climb
100217,0,3,Guadalupe Robles,,gbr,5810.0,990.0,70499.843,,0,Bot,Bot9983,1593,Platinum 3,1593,Platinum 3,,Diamond 2,Week 01 | Great Ocean Road Race,Spring Classics 2026,422,807,46,Platinum,73899,1607,0.13,Climb
100217,0,4,Robert Kennedy,HCOM,irl,5822.2,13201.0,70499.843,,0,Bot,Bot7601,1620,Diamond 1,1620,Diamond 1,,Diamond 2,Week 01 | Great Ocean Road Race,Spring Classics 2026,417,807,46,Diamond,73899,1607,0.13,Climb
100217,0,5,Lon Huber,AI Thunder,nzl,5822.2,13218.0,70499.843,,0,Bot,Bot7700,1696,Diamond 1,1696,Diamond 1,,Diamond 2,Week 01 | Great Ocean Road Race,Spring Classics 2026,411,807,46,Diamond,73899,1607,0.13,Climb
100217,0,6,Lasse Ikonen,Sherpa,fin,5822.3,13279.0,70499.843,,0,Bot,Bot8120,1571,Platinum 3,1571,Platinum 3,,Diamond 2,Week 01 | Great Ocean Road Race,Spring Classics 2026,406,807,46,Platinum,73899,1607,0.13,Climb
100217,0,7,Werner Kaiser,,aut,5847.7,38749.0,70499.843,,0,Bot,Bot8068,1393,Platinum 1,1393,Platinum 1,,Diamond 2,Week 01 | Great Ocean Road Race,Spring Classics 2026,400,807,46,Platinum,73899,1607,0.13,Climb
100217,0,8,Wendell Shannon,,swe,5848.4,39362.0,70499.843,,0,Bot,Bot4857,1620,Diamond 1,1620,Diamond 1,,Diamond 2,Week 01 | Great Ocean Road Race,Spring Classics 2026,395,807,46,Diamond,73899,1607,0.13,Climb
100217,0,9,Van Montgomery,,gbr,5848.4,39392.0,70499.843,,0,Bot,Bot3097,1376,Platinum 1,1376,Platinum 1,,Diamond 2,Week 01 | Great Ocean Road Race,Spring Classics 2026,390,807,46,Platinum,73899,1607,0.13,Climb
100217,0,10,Joshua Burgess,Titans,gbr,5848.6,39577.0,70499.843,,0,Bot,Bot6430,1389,Platinum 1,1389,Platinum 1,,Diamond 2,Week 01 | Great Ocean Road Race,Spring Classics 2026,384,807,46,Platinum,73899,1607,0.13,Climb
100217,0,11,Guy McCall,Roklit,usa,5874.2,65191.0,70499.843,,0,Bot,Bot5512,1661,Diamond 1,1661,Diamond 1,,Diamond 2,Week 01 | Great Ocean Road Race,Spring Classics 2026,379,807,46,Diamond,73899,1607,0.13,Climb
100217,0,12,Arseni Koplowitz,Hinal,mne,5876.3,67326.0,70499.843,,0,Bot,Bot231,1662,Diamond 1,1662,Diamond 1,,Diamond 2,Week 01 | Great Ocean Road Race,Spring Classics 2026,373,807,46,Diamond,73899,1607,0.13,Climb
100217,0,13,Ben Russell,M4shup Collective,gbr,5891.5,82553.0,70499.843,,0,Male,1F07CD9C7D4685AC,1578,Platinum 3,1578,Platinum 3,35-39,Diamond 2,Week 01 | Great Ocean Road Race,Spring Classics 2026,368,807,46,Platinum,73899,1607,0.13,Climb
100217,0,14,Nabil Anwar,,uae,5891.9,82900.0,70499.843,,0,Bot,Bot9287,1414,Platinum 2,1414,Platinum 2,,Diamond 2,Week 01 | Great Ocean Road Race,Spring Classics 2026,362,807,46,Platinum,73899,1607,0.13,Climb
100217,0,15,Adam Stuart,,sco,5892.0,82975.0,70499.843,,0,Bot,Bot4980,1380,Platinum 1,1380,Platinum 1,,Diamond 2,Week 01 | Great Ocean Road Race,Spring Classics 2026,357,807,46,Platinum,73899,1607,0.13,Climb
100217,0,16,Santos Giles,Optech,usa,5941.9,132890.0,70499.843,,0,Bot,Bot1718,1592,Platinum 3,1592,Platinum 3,,Diamond 2,Week 01 | Great Ocean Road Race,Spring Classics 2026,351,807,46,Platinum,73899,1607,0.13,Climb
100217,0,17,Rusty White,Dashix,aus,5991.0,182031.0,70499.843,,0,Bot,Bot711,1597,Platinum 3,1597,Platinum 3,,Diamond 2,Week 01 | Great Ocean Road Race,Spring Classics 2026,346,807,46,Platinum,73899,1607,0.13,Climb
100217,0,18,Lukas Tuominen,,fin,5991.0,182031.0,70499.843,,0,Bot,Bot1799,1390,Platinum 1,1390,Platinum 1,,Diamond 2,Week 01 | Great Ocean Road Race,Spring Classics 2026,341,807,46,Platinum,73899,1607,0.13,Climb
100217,0,19,Florian Bertrand,Heat,fra,6041.3,232288.0,70499.843,,0,Bot,Bot9807,1627,Diamond 1,1627,Diamond 1,,Diamond 2,Week 01 | Great Ocean Road Race,Spring Classics 2026,335,807,46,Diamond,73899,1607,0.13,Climb
100217,0,20,Ron Crane,,aus,6043.9,234887.0,70499.843,,0,Bot,Bot8975,1389,Platinum 1,1389,Platinum 1,,Diamond 2,Week 01 | Great Ocean Road Race,Spring Classics 2026,330,807,46,Platinum,73899,1607,0.13,Climb
100217,0,21,Gilbert Meyer,,fra,6065.4,256449.0,70499.843,,0,Bot,Bot7160,1404,Platinum 2,1404,Platinum 2,,Diamond 2,Week 01 | Great Ocean Road Race,Spring Classics 2026,324,807,46,Platinum,73899,1607,0.13,Climb
100217,0,22,Anthony Arnaud,,fra,6066.2,257220.0,70499.843,,0,Bot,Bot7256,1391,Platinum 1,1391,Platinum 1,,Diamond 2,Week 01 | Great Ocean Road Race,Spring Classics 2026,319,807,46,Platinum,73899,1607,0.13,Climb
100217,0,23,Linus Keller,,ger,6066.4,257419.0,70499.843,,0,Bot,Bot4984,1362,Platinum 1,1362,Platinum 1,,Diamond 2,Week 01 | Great Ocean Road Race,Spring Classics 2026,313,807,46,Platinum,73899,1607,0.13,Climb
100217,0,24,Szabolcs Nagy,YES,hun,6066.5,257460.0,70499.843,,0,Bot,Bot6635,1350,Platinum 1,1350,Platinum 1,,Diamond 2,Week 01 | Great Ocean Road Race,Spring Classics 2026,308,807,46,Platinum,73899,1607,0.13,Climb
100217,0,25,Joshua Atkins,,rsa,6066.6,257641.0,70499.843,,0,Bot,Bot969,1370,Platinum 1,1370,Platinum 1,,Diamond 2,Week 01 | Great Ocean Road Race,Spring Classics 2026,302,807,46,Platinum,73899,1607,0.13,Climb
100217,0,26,George Clucas,Monova,iom,6066.6,257655.0,70499.843,,0,Bot,Bot2219,1401,Platinum 2,1401,Platinum 2,,Diamond 2,Week 01 | Great Ocean Road Race,Spring Classics 2026,297,807,46,Platinum,73899,1607,0.13,Climb
100217,0,27,Forrest Beck,,aus,6066.7,257707.0,70499.843,,0,Bot,Bot8843,1346,Platinum 1,1346,Platinum 1,,Diamond 2,Week 01 | Great Ocean Road Race,Spring Classics 2026,292,807,46,Platinum,73899,1607,0.13,Climb
100217,0,28,Hassan Al-Khatib,,syr,6066.8,257857.0,70499.843,,0,Bot,Bot3077,1408,Platinum 2,1408,Platinum 2,,Diamond 2,Week 01 | Great Ocean Road Race,Spring Classics 2026,286,807,46,Platinum,73899,1607,0.13,Climb
100217,0,29,Gabrielius Kazlauskas,HCOM,ltu,6067.0,258001.0,70499.843,,0,Bot,Bot201,1366,Platinum 1,1366,Platinum 1,,Diamond 2,Week 01 | Great Ocean Road Race,Spring Classics 2026,281,807,46,Platinum,73899,1607,0.13,Climb
100217,0,30,Arthur Seymour,,bah,6067.0,258019.0,70499.843,,0,Bot,Bot5250,1366,Platinum 1,1366,Platinum 1,,Diamond 2,Week 01 | Great Ocean Road Race,Spring Classics 2026,275,807,46,Platinum,73899,1607,0.13,Climb
100217,0,31,Jame Wood,,rsa,6092.3,283296.0,70499.843,,0,Bot,Bot4585,1349,Platinum 1,1349,Platinum 1,,Diamond 2,Week 01 | Great Ocean Road Race,Spring Classics 2026,270,807,46,Platinum,73899,1607,0.13,Climb
100217,0,32,Jakob Hilti,,lie,6136.3,327330.0,70499.843,,0,Bot,Bot51,1354,Platinum 1,1354,Platinum 1,,Diamond 2,Week 01 | Great Ocean Road Race,Spring Classics 2026,264,807,46,Platinum,73899,1607,0.13,Climb
100217,0,33,Maxime Fontaine,,fra,6147.9,338925.0,70499.843,,0,Bot,Bot4597,1380,Platinum 1,1380,Platinum 1,,Diamond 2,Week 01 | Great Ocean Road Race,Spring Classics 2026,259,807,46,Platinum,73899,1607,0.13,Climb
100217,0,34,Arthur Le Gros,,jey,6148.0,338993.0,70499.843,,0,Bot,Bot3358,1387,Platinum 1,1387,Platinum 1,,Diamond 2,Week 01 | Great Ocean Road Race,Spring Classics 2026,253,807,46,Platinum,73899,1607,0.13,Climb
100217,0,35,Jochen Hübner,,sui,6148.0,339005.0,70499.843,,0,Bot,Bot4146,1389,Platinum 1,1389,Platinum 1,,Diamond 2,Week 01 | Great Ocean Road Race,Spring Classics 2026,248,807,46,Platinum,73899,1607,0.13,Climb
100217,0,36,Elijah Smith,Patriot,wal,6148.0,339046.0,70499.843,,0,Bot,Bot2208,1367,Platinum 1,1367,Platinum 1,,Diamond 2,Week 01 | Great Ocean Road Race,Spring Classics 2026,242,807,46,Platinum,73899,1607,0.13,Climb
100217,0,37,Jerald Barker,,rsa,6148.5,339517.0,70499.843,,0,Bot,Bot6388,1355,Platinum 1,1355,Platinum 1,,Diamond 2,Week 01 | Great Ocean Road Race,Spring Classics 2026,237,807,46,Platinum,73899,1607,0.13,Climb
100217,0,38,Daniel Pereira,Capital,esp,6148.9,339890.0,70499.843,,0,Bot,Bot4524,1369,Platinum 1,1369,Platinum 1,,Diamond 2,Week 01 | Great Ocean Road Race,Spring Classics 2026,232,807,46,Platinum,73899,1607,0.13,Climb
100217,0,39,Allan Reyna,Saitama,usa,6149.1,340087.0,70499.843,,0,Bot,Bot4034,1372,Platinum 1,1372,Platinum 1,,Diamond 2,Week 01 | Great Ocean Road Race,Spring Classics 2026,226,807,46,Platinum,73899,1607,0.13,Climb
100217,0,40,Eric Lemoine,,fra,6149.2,340221.0,70499.843,,0,Bot,Bot6162,1401,Platinum 2,1401,Platinum 2,,Diamond 2,Week 01 | Great Ocean Road Race,Spring Classics 2026,221,807,46,Platinum,73899,1607,0.13,Climb
100217,0,41,Rory Robertson,Titans,sco,6177.7,368676.0,70499.843,,0,Bot,Bot7230,1374,Platinum 1,1374,Platinum 1,,Diamond 2,Week 01 | Great Ocean Road Race,Spring Classics 2026,215,807,46,Platinum,73899,1607,0.13,Climb
100217,0,42,Russ Ashley,,eng,6177.9,368876.0,70499.843,,0,Bot,Bot1077,1381,Platinum 1,1381,Platinum 1,,Diamond 2,Week 01 | Great Ocean Road Race,Spring Classics 2026,210,807,46,Platinum,73899,1607,0.13,Climb
100217,0,43,Florian Girard,,fra,6215.9,406918.0,70499.843,,0,Bot,Bot5861,1355,Platinum 1,1355,Platinum 1,,Diamond 2,Week 01 | Great Ocean Road Race,Spring Classics 2026,204,807,46,Platinum,73899,1607,0.13,Climb
100217,0,44,Jonathon Deleon,,usa,6223.6,414630.0,70499.843,,0,Bot,Bot3563,1359,Platinum 1,1359,Platinum 1,,Diamond 2,Week 01 | Great Ocean Road Race,Spring Classics 2026,199,807,46,Platinum,73899,1607,0.13,Climb
100217,0,45,Yurui Ten,Windsail,chn,6224.9,415890.0,70499.843,,0,Bot,Bot5523,1391,Platinum 1,1391,Platinum 1,,Diamond 2,Week 01 | Great Ocean Road Race,Spring Classics 2026,193,807,46,Platinum,73899,1607,0.13,Climb
100217,0,46,Dobroslav Pulszky,Aspire,srb,6225.0,416004.0,70499.843,,0,Bot,Bot1229,1368,Platinum 1,1368,Platinum 1,,Diamond 2,Week 01 | Great Ocean Road Race,Spring Classics 2026,188,807,46,Platinum,73899,1607,0.13,Climb
100217,0,DNF,Minjun Ran,,kor,5936.9,0.0,66629.585,,0,Bot,Bot2172,1408,Platinum 2,1408,Platinum 2,,Diamond 2,Week 01 | Great Ocean Road Race,Spring Classics 2026,,807,46,Platinum,73899,1607,0.13,Climb
100217,0,DNF,Fraser Kinnaird,,sco,6003.7,0.0,67530.453,,0,Bot,Bot2453,1365,Platinum 1,1365,Platinum 1,,Diamond 2,Week 01 | Great Ocean Road Race,Spring Classics 2026,,807,46,Platinum,73899,1607,0.13,Climb
100217,0,DNF,Igor Ibišević,,svk,6063.7,0.0,68230,,0,Bot,Bot2090,1379,Platinum 1,1379,Platinum 1,,Diamond 2,Week 01 | Great Ocean Road Race,Spring Classics 2026,,807,46,Platinum,73899,1607,0.13,Climb
101384,0,1,Matthew Forshaw,M4shup Collective,gbr,6028.7,0.0,78294.882,,0,Male,347714C6B348797B,1692,Diamond 1,1692,Diamond 1,55-59,Diamond 1,Week 02 | Trofeo Palma,Spring Classics 2026,403,477,48,Diamond,76848,1601,0.37,Sprint
101384,0,2,Tingtai Khong,,chn,6028.8,108.0,78294.882,,0,Bot,Bot4571,1745,Diamond 2,1745,Diamond 2,,Diamond 1,Week 02 | Trofeo Palma,Spring Classics 2026,398,477,48,Diamond,76848,1601,0.37,Sprint
101384,0,3,Robert Kennedy,HCOM,irl,6028.9,196.0,78294.882,,0,Bot,Bot7601,1627,Diamond 1,1627,Diamond 1,,Diamond 1,Week 02 | Trofeo Palma,Spring Classics 2026,392,477,48,Diamond,76848,1601,0.37,Sprint
101384,0,4,Borys Nesterenko,Meisterkuhl,ukr,6030.0,1346.0,78294.882,,0,Bot,Bot4422,1497,Platinum 2,1497,Platinum 2,,Diamond 1,Week 02 | Trofeo Palma,Spring Classics 2026,386,477,48,Platinum,76848,1601,0.37,Sprint
101384,0,5,Rusty White,Dashix,aus,6030.1,1402.0,78294.882,,0,Bot,Bot711,1596,Platinum 3,1596,Platinum 3,,Diamond 1,Week 02 | Trofeo Palma,Spring Classics 2026,380,477,48,Platinum,76848,1601,0.37,Sprint
101384,0,6,Barry Church,True Form,usa,6030.3,1580.0,78294.882,,0,Bot,Bot1315,1546,Platinum 3,1546,Platinum 3,,Diamond 1,Week 02 | Trofeo Palma,Spring Classics 2026,374,477,48,Platinum,76848,1601,0.37,Sprint
101384,0,7,Filip Černý,,svk,6030.3,1636.0,78294.882,,0,Bot,Bot1553,1556,Platinum 3,1556,Platinum 3,,Diamond 1,Week 02 | Trofeo Palma,Spring Classics 2026,368,477,48,Platinum,76848,1601,0.37,Sprint
101384,0,8,Lasse Ikonen,Sherpa,fin,6030.5,1863.0,78294.882,,0,Bot,Bot8120,1606,Diamond 1,1606,Diamond 1,,Diamond 1,Week 02 | Trofeo Palma,Spring Classics 2026,362,477,48,Diamond,76848,1601,0.37,Sprint
101384,0,9,Santos Giles,Optech,usa,6030.6,1931.0,78294.882,,0,Bot,Bot1718,1572,Platinum 3,1572,Platinum 3,,Diamond 1,Week 02 | Trofeo Palma,Spring Classics 2026,356,477,48,Platinum,76848,1601,0.37,Sprint
101384,0,10,Wendell Shannon,,swe,6030.6,1963.0,78294.882,,0,Bot,Bot4857,1638,Diamond 1,1638,Diamond 1,,Diamond 1,Week 02 | Trofeo Palma,Spring Classics 2026,351,477,48,Diamond,76848,1601,0.37,Sprint
101384,0,11,Ben Russell,M4shup Collective,gbr,6031.1,2454.0,78294.882,,0,Male,1F07CD9C7D4685AC,1572,Platinum 3,1572,Platinum 3,35-39,Diamond 1,Week 02 | Trofeo Palma,Spring Classics 2026,345,477,48,Platinum,76848,1601,0.37,Sprint
101384,0,12,Arseni Koplowitz,Hinal,mne,6031.3,2595.0,78294.882,,0,Bot,Bot231,1656,Diamond 1,1656,Diamond 1,,Diamond 1,Week 02 | Trofeo Palma,Spring Classics 2026,339,477,48,Diamond,76848,1601,0.37,Sprint
101384,0,13,Guy McCall,Roklit,usa,6031.4,2731.0,78294.882,,0,Bot,Bot5512,1667,Diamond 1,1667,Diamond 1,,Diamond 1,Week 02 | Trofeo Palma,Spring Classics 2026,333,477,48,Diamond,76848,1601,0.37,Sprint
101384,0,14,Nikola Serdarušić,,cze,6032.2,3516.0,78294.882,,0,Bot,Bot1352,1488,Platinum 2,1488,Platinum 2,,Diamond 1,Week 02 | Trofeo Palma,Spring Classics 2026,327,477,48,Platinum,76848,1601,0.37,Sprint
101384,0,15,Jebediah Nielsen,Douvan,gbr,6032.7,4004.0,78294.882,,0,Bot,Bot2936,1539,Platinum 3,1539,Platinum 3,,Diamond 1,Week 02 | Trofeo Palma,Spring Classics 2026,321,477,48,Platinum,76848,1601,0.37,Sprint
101384,0,16,Lon Huber,AI Thunder,nzl,6033.8,5137.0,78294.882,,0,Bot,Bot7700,1686,Diamond 1,1686,Diamond 1,,Diamond 1,Week 02 | Trofeo Palma,Spring Classics 2026,315,477,48,Diamond,76848,1601,0.37,Sprint
101384,0,17,Florian Bertrand,Heat,fra,6096.5,67815.0,78294.882,,0,Bot,Bot9807,1619,Diamond 1,1619,Diamond 1,,Diamond 1,Week 02 | Trofeo Palma,Spring Classics 2026,309,477,48,Diamond,76848,1601,0.37,Sprint
101384,0,18,Luis Guerrero,,col,6096.9,68222.0,78294.882,,0,Bot,Bot8075,1636,Diamond 1,1636,Diamond 1,,Diamond 1,Week 02 | Trofeo Palma,Spring Classics 2026,304,477,48,Diamond,76848,1601,0.37,Sprint
101384,0,19,Guadalupe Robles,,gbr,6097.0,68362.0,78294.882,,0,Bot,Bot9983,1606,Diamond 1,1606,Diamond 1,,Diamond 1,Week 02 | Trofeo Palma,Spring Classics 2026,298,477,48,Diamond,76848,1601,0.37,Sprint
101384,0,20,Mansour Salem,,uae,6100.7,71985.0,78294.882,,0,Bot,Bot7051,1520,Platinum 3,1520,Platinum 3,,Diamond 1,Week 02 | Trofeo Palma,Spring Classics 2026,292,477,48,Platinum,76848,1601,0.37,Sprint
101384,0,21,Hiro Kinoshita,,jpn,6227.8,199088.0,78294.882,,0,Bot,Bot1197,1483,Platinum 2,1483,Platinum 2,,Diamond 1,Week 02 | Trofeo Palma,Spring Classics 2026,286,477,48,Platinum,76848,1601,0.37,Sprint
101384,0,22,Michael Franke,,aut,6227.9,199183.0,78294.882,,0,Bot,Bot8655,1546,Platinum 3,1546,Platinum 3,,Diamond 1,Week 02 | Trofeo Palma,Spring Classics 2026,280,477,48,Platinum,76848,1601,0.37,Sprint
101384,0,23,Mykhailo Miroshnichenko,Eckleson,ukr,6229.5,200788.0,78294.882,,0,Bot,Bot4027,1549,Platinum 3,1549,Platinum 3,,Diamond 1,Week 02 | Trofeo Palma,Spring Classics 2026,274,477,48,Platinum,76848,1601,0.37,Sprint
101384,0,24,Wout Mathieu,,bel,6396.5,367804.0,78294.882,,0,Bot,Bot4893,1488,Platinum 2,1488,Platinum 2,,Diamond 1,Week 02 | Trofeo Palma,Spring Classics 2026,268,477,48,Platinum,76848,1601,0.37,Sprint
101384,0,25,Sam Carr,,irl,6688.7,660016.0,78294.882,,0,Male,43E79B19CD19653E,1060,Gold 1,1060,Gold 1,Senior,Diamond 1,Week 02 | Trofeo Palma,Spring Classics 2026,262,477,48,Gold,76848,1601,0.37,Sprint
101384,0,26,Nico Winkler,Douvan,sui,6689.2,660493.0,78294.882,,0,Bot,Bot5236,1274,Gold 3,1274,Gold 3,,Diamond 1,Week 02 | Trofeo Palma,Spring Classics 2026,257,477,48,Gold,76848,1601,0.37,Sprint
101384,0,27,Jamil Ansari,,ksa,6689.4,660681.0,78294.882,,0,Bot,Bot4292,1188,Gold 2,1188,Gold 2,,Diamond 1,Week 02 | Trofeo Palma,Spring Classics 2026,251,477,48,Gold,76848,1601,0.37,Sprint
101384,0,28,Georges Jackson,Aspire,can,6799.5,770785.0,78294.882,,0,Bot,Bot5629,1151,Gold 2,1151,Gold 2,,Diamond 1,Week 02 | Trofeo Palma,Spring Classics 2026,245,477,48,Gold,76848,1601,0.37,Sprint
101384,0,29,Monroe Gilbert,,aus,6799.7,770976.0,78294.882,,0,Bot,Bot6470,1036,Gold 1,1036,Gold 1,,Diamond 1,Week 02 | Trofeo Palma,Spring Classics 2026,239,477,48,Gold,76848,1601,0.37,Sprint
101384,0,30,Bnaya Cohen,,isr,6844.7,815967.0,78294.882,,0,Bot,Bot8887,1004,Gold 1,1004,Gold 1,,Diamond 1,Week 02 | Trofeo Palma,Spring Classics 2026,233,477,48,Gold,76848,1601,0.37,Sprint
101384,0,31,Innocent Ndayishimiye,,bdi,6881.3,852648.0,78294.882,,0,Bot,Bot1094,1099,Gold 1,1099,Gold 1,,Diamond 1,Week 02 | Trofeo Palma,Spring Classics 2026,227,477,48,Gold,76848,1601,0.37,Sprint
101384,0,32,Igor Kosecki,Patriot,cro,6901.4,872699.0,78294.882,,0,Bot,Bot7408,1073,Gold 1,1073,Gold 1,,Diamond 1,Week 02 | Trofeo Palma,Spring Classics 2026,221,477,48,Gold,76848,1601,0.37,Sprint
101384,0,33,Fernand Chevalier,,fra,6901.7,873013.0,78294.882,,0,Bot,Bot259,1019,Gold 1,1019,Gold 1,,Diamond 1,Week 02 | Trofeo Palma,Spring Classics 2026,216,477,48,Gold,76848,1601,0.37,Sprint
101384,0,34,William Axelsson,,swe,6917.9,889167.0,78294.882,,0,Bot,Bot9444,1187,Gold 2,1187,Gold 2,,Diamond 1,Week 02 | Trofeo Palma,Spring Classics 2026,210,477,48,Gold,76848,1601,0.37,Sprint
101384,0,35,Wim Smits,,ned,6917.9,889172.0,78294.882,,0,Bot,Bot6957,1142,Gold 2,1142,Gold 2,,Diamond 1,Week 02 | Trofeo Palma,Spring Classics 2026,204,477,48,Gold,76848,1601,0.37,Sprint
101384,0,36,Christian Weiß,Monova,aut,6918.3,889651.0,78294.882,,0,Bot,Bot4819,1147,Gold 2,1147,Gold 2,,Diamond 1,Week 02 | Trofeo Palma,Spring Classics 2026,198,477,48,Gold,76848,1601,0.37,Sprint
101384,0,37,Nolan Harvey,Zonkify,aus,6921.6,892928.0,78294.882,,0,Bot,Bot4509,1070,Gold 1,1070,Gold 1,,Diamond 1,Week 02 | Trofeo Palma,Spring Classics 2026,192,477,48,Gold,76848,1601,0.37,Sprint
101384,0,38,Jan Svensson,Nuvio,swe,7068.7,1040011.0,78294.882,,0,Bot,Bot3406,964,Silver 3,964,Silver 3,,Diamond 1,Week 02 | Trofeo Palma,Spring Classics 2026,186,477,48,Silver,76848,1601,0.37,Sprint
101384,0,39,John Pace,,aus,7284.9,1256188.0,78294.882,,0,Bot,Bot4655,957,Silver 3,957,Silver 3,,Diamond 1,Week 02 | Trofeo Palma,Spring Classics 2026,180,477,48,Silver,76848,1601,0.37,Sprint
101384,0,40,Daniel Neugebauer,Pedalers,ger,7287.1,1258407.0,78294.882,,0,Male,C94F3871AB55BBBC,1153,Gold 2,1153,Gold 2,45-49,Diamond 1,Week 02 | Trofeo Palma,Spring Classics 2026,174,477,48,Gold,76848,1601,0.37,Sprint
101384,0,41,Reyna Porter,,gbr,7287.6,1258909.0,78294.882,,0,Bot,Bot1757,892,Silver 2,892,Silver 2,,Diamond 1,Week 02 | Trofeo Palma,Spring Classics 2026,169,477,48,Silver,76848,1601,0.37,Sprint
101384,0,42,Chenda Chon,,cam,7288.4,1259743.0,78294.882,,0,Bot,Bot8155,915,Silver 3,915,Silver 3,,Diamond 1,Week 02 | Trofeo Palma,Spring Classics 2026,163,477,48,Silver,76848,1601,0.37,Sprint
101384,0,43,Mohammad Al-Hassan,,syr,7319.0,1290328.0,78294.882,,0,Bot,Bot1541,906,Silver 3,906,Silver 3,,Diamond 1,Week 02 | Trofeo Palma,Spring Classics 2026,157,477,48,Silver,76848,1601,0.37,Sprint
101384,0,44,Petra Kubiczky,,srb,7429.2,1400536.0,78294.882,,0,Bot,Bot3480,961,Silver 3,961,Silver 3,,Diamond 1,Week 02 | Trofeo Palma,Spring Classics 2026,151,477,48,Silver,76848,1601,0.37,Sprint
101384,0,45,Ross Ross,,sco,7429.5,1400775.0,78294.882,,0,Bot,Bot7957,848,Silver 2,848,Silver 2,,Diamond 1,Week 02 | Trofeo Palma,Spring Classics 2026,145,477,48,Silver,76848,1601,0.37,Sprint
101384,0,46,Markuss Gailītis,,lat,7432.2,1403481.0,78294.882,,0,Bot,Bot2143,935,Silver 3,935,Silver 3,,Diamond 1,Week 02 | Trofeo Palma,Spring Classics 2026,139,477,48,Silver,76848,1601,0.37,Sprint
101384,0,47,Mark Szűcs,Nitro,hun,7432.9,1404166.0,78294.882,,0,Bot,Bot2237,871,Silver 2,871,Silver 2,,Diamond 1,Week 02 | Trofeo Palma,Spring Classics 2026,133,477,48,Silver,76848,1601,0.37,Sprint
101384,0,48,Agnes Sylvester,,grn,7433.1,1404462.0,78294.882,,0,Bot,Bot6887,890,Silver 2,890,Silver 2,,Diamond 1,Week 02 | Trofeo Palma,Spring Classics 2026,127,477,48,Silver,76848,1601,0.37,Sprint
101384,0,DNF,Ali Nørgaard,Titans,den,7323.0,0.0,71726.351,,0,Bot,Bot4530,883,Silver 2,883,Silver 2,,Diamond 1,Week 02 | Trofeo Palma,Spring Classics 2026,,477,48,Silver,76848,1601,0.37,Sprint
101383,0,1,Michael Carilli,Ride 4 Claire,USA,6214.1,0.0,78294.882,,0,Male,BDEFB7D89F966E00,100,Bronze 1,1374,Platinum 1,35-39,Platinum 1,Week 02 | Trofeo Palma,Spring Classics 2026,387,477,47,Platinum,72239,1537,0.51,Sprint
101383,0,2,Mathias Bach,eCKD Eagles,DEN,6214.4,0.3,78294.882,,0,Male,4A4D56B7BF4E90CA,1736,Diamond 2,1736,Diamond 2,U23,Platinum 1,Week 02 | Trofeo Palma,Spring Classics 2026,381,477,47,Diamond,72239,1537,0.51,Sprint
101383,0,3,J D O,M4shup Collective,USA,6216.0,1.9,78294.882,,0,Male,242BF89E66D4067D,1548,Platinum 3,1548,Platinum 3,40-44,Platinum 1,Week 02 | Trofeo Palma,Spring Classics 2026,375,477,47,Platinum,72239,1537,0.51,Sprint
101383,0,4,David Talbott,Ride 4 Claire,USA,6232.7,18.6,78294.882,,0,Male,40B0170FB0748402,1722,Diamond 2,1722,Diamond 2,35-39,Platinum 1,Week 02 | Trofeo Palma,Spring Classics 2026,368,477,47,Diamond,72239,1537,0.51,Sprint
101383,0,5,Money Matt,Ride 4 Claire,USA,6233.7,19.6,78294.882,,0,Male,AF1EE59E08C91C62,1613,Diamond 1,1613,Diamond 1,40-44,Platinum 1,Week 02 | Trofeo Palma,Spring Classics 2026,362,477,47,Diamond,72239,1537,0.51,Sprint
101383,0,6,Alexandre Peigne,Race3R,FRA,6233.8,19.7,78294.882,,0,Male,9A5A42A2AAD1410F,1526,Platinum 3,1526,Platinum 3,45-49,Platinum 1,Week 02 | Trofeo Palma,Spring Classics 2026,356,477,47,Platinum,72239,1537,0.51,Sprint
101383,0,7,Paul  Watkins,TTT Project,WAL,6234.3,20.2,78294.882,,0,Male,1C187305EC910212,1830,Diamond 3,1830,Diamond 3,50-54,Platinum 1,Week 02 | Trofeo Palma,Spring Classics 2026,349,477,47,Diamond,72239,1537,0.51,Sprint
101383,0,8,Ben Goodfellow,,GBR,6241.4,27.2,78294.882,,0,Male,1BD254BED961385E,300,Bronze 1,1437,Platinum 2,Senior,Platinum 1,Week 02 | Trofeo Palma,Spring Classics 2026,343,477,47,Platinum,72239,1537,0.51,Sprint
101383,0,9,Doug Hart,Ilkley CC,GBR,6392.7,178.6,78294.882,,0,Male,11799A7C1CF76DE9,1444,Platinum 2,1444,Platinum 2,50-54,Platinum 1,Week 02 | Trofeo Palma,Spring Classics 2026,336,477,47,Platinum,72239,1537,0.51,Sprint
101383,0,10,Flemming Bach,eCKD Eagles,DEN,6394.2,180.1,78294.882,,0,Male,2869664A5B9DCC58,1250,Gold 3,1250,Gold 3,50-54,Platinum 1,Week 02 | Trofeo Palma,Spring Classics 2026,330,477,47,Gold,72239,1537,0.51,Sprint
101383,0,11,J McMurray,BaseCamp Train Where You Belong,USA,6521.7,307.6,78294.882,,0,Male,A57692F853784DDF,100,Bronze 1,1395,Platinum 1,50-54,Platinum 1,Week 02 | Trofeo Palma,Spring Classics 2026,324,477,47,Platinum,72239,1537,0.51,Sprint
101383,0,12,Ryan Yates,Allkin Racing,USA,6592.7,378.6,78294.882,,0,Male,2FDBB5DD4345DCB5,1230,Gold 3,1230,Gold 3,40-44,Platinum 1,Week 02 | Trofeo Palma,Spring Classics 2026,317,477,47,Gold,72239,1537,0.51,Sprint
101383,0,13,Renan Petersen-Wagner,Ilkley CC,BRA,6596.4,382.3,78294.882,,0,Male,F106556B8DA97C60,1289,Gold 3,1289,Gold 3,45-49,Platinum 1,Week 02 | Trofeo Palma,Spring Classics 2026,311,477,47,Gold,72239,1537,0.51,Sprint
101383,0,14,Dan Kobberup,eCKD Eagles,DEN,6596.6,382.5,78294.882,,0,Male,319BC9F89743F1B8,1132,Gold 2,1132,Gold 2,50-54,Platinum 1,Week 02 | Trofeo Palma,Spring Classics 2026,305,477,47,Gold,72239,1537,0.51,Sprint
101383,0,15,tyler bronder,Allkin Racing,USA,6597.2,383.1,78294.882,,0,Male,94361D719CD465DD,1239,Gold 3,1239,Gold 3,45-49,Platinum 1,Week 02 | Trofeo Palma,Spring Classics 2026,298,477,47,Gold,72239,1537,0.51,Sprint
101383,0,16,Jay  Santi,Pedalers,CAN,6602.7,388.5,78294.882,,0,Male,DEE9CDE9AAFC3773,1171,Gold 2,1171,Gold 2,50-54,Platinum 1,Week 02 | Trofeo Palma,Spring Classics 2026,292,477,47,Gold,72239,1537,0.51,Sprint
101383,0,17,Jonas Knudsen-BikePro.dk,FilsøAktivNatur-BikePro,DEN,6656.3,442.2,78294.882,,0,Male,F9817BC42F7C0FDF,1502,Platinum 3,1502,Platinum 3,35-39,Platinum 1,Week 02 | Trofeo Palma,Spring Classics 2026,286,477,47,Platinum,72239,1537,0.51,Sprint
101383,0,18,marc brazeau73,,CAN,6657.1,443.0,78294.882,,0,Male,D60DC4E2489B21F4,1062,Gold 1,1062,Gold 1,50-54,Platinum 1,Week 02 | Trofeo Palma,Spring Classics 2026,279,477,47,Gold,72239,1537,0.51,Sprint
101383,0,19,Johan Londoño,,COL,6658.1,444.0,78294.882,,0,Bot,Bot6875,1060,Gold 1,1060,Gold 1,,Platinum 1,Week 02 | Trofeo Palma,Spring Classics 2026,273,477,47,Gold,72239,1537,0.51,Sprint
101383,0,20,John Oakes,,USA,6663.3,449.2,78294.882,,0,Male,4BC3E4FD4C9DD137,100,Bronze 1,1376,Platinum 1,50-54,Platinum 1,Week 02 | Trofeo Palma,Spring Classics 2026,266,477,47,Platinum,72239,1537,0.51,Sprint
101383,0,21,Ben Barnard,,USA,6780.4,566.2,78294.882,,0,Male,57EEDD4AF25DBCF8,100,Bronze 1,826,Silver 2,50-54,Platinum 1,Week 02 | Trofeo Palma,Spring Classics 2026,260,477,47,Silver,72239,1537,0.51,Sprint
101383,0,22,Danial Vega,Systech,AUS,7038.1,824.0,78294.882,,0,Bot,Bot2204,992,Silver 3,992,Silver 3,,Platinum 1,Week 02 | Trofeo Palma,Spring Classics 2026,254,477,47,Silver,72239,1537,0.51,Sprint
101383,0,23,Olof Eriksson,,SWE,7047.8,833.7,78294.882,,0,Bot,Bot1857,1066,Gold 1,1066,Gold 1,,Platinum 1,Week 02 | Trofeo Palma,Spring Classics 2026,247,477,47,Gold,72239,1537,0.51,Sprint
101383,0,24,Tom Ghan,Allkin Racing,USA,7050.3,836.2,78294.882,,0,Male,59E553BC6444171B,971,Silver 3,971,Silver 3,60-64,Platinum 1,Week 02 | Trofeo Palma,Spring Classics 2026,241,477,47,Silver,72239,1537,0.51,Sprint
101383,0,25,Simo Kallio,,FIN,7106.8,892.7,78294.882,,0,Bot,Bot2476,1015,Gold 1,1015,Gold 1,,Platinum 1,Week 02 | Trofeo Palma,Spring Classics 2026,235,477,47,Gold,72239,1537,0.51,Sprint
101383,0,26,Tommie Lloyd,,GBR,7107.0,892.8,78294.882,,0,Bot,Bot4884,940,Silver 3,940,Silver 3,,Platinum 1,Week 02 | Trofeo Palma,Spring Classics 2026,228,477,47,Silver,72239,1537,0.51,Sprint
101383,0,27,Omar Sahraoui,,ALG,7112.4,898.3,78294.882,,0,Bot,Bot8549,992,Silver 3,992,Silver 3,,Platinum 1,Week 02 | Trofeo Palma,Spring Classics 2026,222,477,47,Silver,72239,1537,0.51,Sprint
101383,0,28,Carly Parker,Systech,RSA,7112.6,898.5,78294.882,,0,Bot,Bot1704,888,Silver 2,888,Silver 2,,Platinum 1,Week 02 | Trofeo Palma,Spring Classics 2026,216,477,47,Silver,72239,1537,0.51,Sprint
101383,0,29,Adam Leroy,,BEL,7216.8,1002.7,78294.882,,0,Bot,Bot5450,865,Silver 2,865,Silver 2,,Platinum 1,Week 02 | Trofeo Palma,Spring Classics 2026,209,477,47,Silver,72239,1537,0.51,Sprint
101383,0,30,Darijo Sedej,Heat,SLO,7376.5,1162.4,78294.882,,0,Bot,Bot5907,984,Silver 3,984,Silver 3,,Platinum 1,Week 02 | Trofeo Palma,Spring Classics 2026,203,477,47,Silver,72239,1537,0.51,Sprint
101383,0,31,Geir Hagen,,NOR,7491.9,1277.7,78294.882,,0,Bot,Bot81,722,Silver 1,722,Silver 1,,Platinum 1,Week 02 | Trofeo Palma,Spring Classics 2026,196,477,47,Silver,72239,1537,0.51,Sprint
101383,0,32,Orlando Dunlap,,USA,7542.0,1327.9,78294.882,,0,Bot,Bot7680,773,Silver 1,773,Silver 1,,Platinum 1,Week 02 | Trofeo Palma,Spring Classics 2026,190,477,47,Silver,72239,1537,0.51,Sprint
101383,0,33,Isla Fitzgerald,,IRL,7586.8,1372.7,78294.882,,0,Bot,Bot594,614,Bronze 3,614,Bronze 3,,Platinum 1,Week 02 | Trofeo Palma,Spring Classics 2026,184,477,47,Bronze,72239,1537,0.51,Sprint
101383,0,34,Wendy Delarosa,,ENG,7587.2,1373.1,78294.882,,0,Bot,Bot5857,763,Silver 1,763,Silver 1,,Platinum 1,Week 02 | Trofeo Palma,Spring Classics 2026,177,477,47,Silver,72239,1537,0.51,Sprint
101383,0,35,Stella Marchi,Fiber Shot,ITA,7587.5,1373.3,78294.882,,0,Bot,Bot6916,713,Silver 1,713,Silver 1,,Platinum 1,Week 02 | Trofeo Palma,Spring Classics 2026,171,477,47,Silver,72239,1537,0.51,Sprint
101383,0,36,Evangelia Papadopoulou,,GRE,7587.9,1373.8,78294.882,,0,Bot,Bot3154,877,Silver 2,877,Silver 2,,Platinum 1,Week 02 | Trofeo Palma,Spring Classics 2026,165,477,47,Silver,72239,1537,0.51,Sprint
101383,0,37,Joyce Nichols,,USA,7591.5,1377.3,78294.882,,0,Bot,Bot5772,626,Bronze 3,626,Bronze 3,,Platinum 1,Week 02 | Trofeo Palma,Spring Classics 2026,158,477,47,Bronze,72239,1537,0.51,Sprint
101383,0,38,Saliba El Masry,Titans,LBN,7594.4,1380.3,78294.882,,0,Bot,Bot730,606,Bronze 3,606,Bronze 3,,Platinum 1,Week 02 | Trofeo Palma,Spring Classics 2026,152,477,47,Bronze,72239,1537,0.51,Sprint
101383,0,39,Enni Partanen,Windsail,FIN,7776.0,1561.9,78294.882,,0,Bot,Bot4823,662,Bronze 3,662,Bronze 3,,Platinum 1,Week 02 | Trofeo Palma,Spring Classics 2026,146,477,47,Bronze,72239,1537,0.51,Sprint
101383,0,40,Diana Amaral,,BRA,7904.5,1690.3,78294.882,,0,Bot,Bot661,670,Bronze 3,670,Bronze 3,,Platinum 1,Week 02 | Trofeo Palma,Spring Classics 2026,139,477,47,Bronze,72239,1537,0.51,Sprint
101383,0,41,Marzhan Sadykova,Hinal,KAZ,7907.5,1693.4,78294.882,,0,Bot,Bot3731,466,Bronze 1,466,Bronze 1,,Platinum 1,Week 02 | Trofeo Palma,Spring Classics 2026,133,477,47,Bronze,72239,1537,0.51,Sprint
101383,0,42,Carla Schouten,Hector,NED,8282.3,2068.2,78294.882,,0,Bot,Bot1326,440,Bronze 1,440,Bronze 1,,Platinum 1,Week 02 | Trofeo Palma,Spring Classics 2026,127,477,47,Bronze,72239,1537,0.51,Sprint
101383,0,43,Noor Petit,Orbit,BEL,8289.9,2075.8,78294.882,,0,Bot,Bot6303,591,Bronze 2,591,Bronze 2,,Platinum 1,Week 02 | Trofeo Palma,Spring Classics 2026,120,477,47,Bronze,72239,1537,0.51,Sprint
101383,0,44,Karol Ramirez,,COL,8391.6,2177.5,78294.882,,0,Bot,Bot4594,598,Bronze 2,598,Bronze 2,,Platinum 1,Week 02 | Trofeo Palma,Spring Classics 2026,114,477,47,Bronze,72239,1537,0.51,Sprint
101383,0,45,Angelo De Lima,,BRA,8804.8,2590.7,78294.882,,0,Male,4D1C1421768E5CA9,100,Bronze 1,186,Bronze 1,45-49,Platinum 1,Week 02 | Trofeo Palma,Spring Classics 2026,107,477,47,Bronze,72239,1537,0.51,Sprint
101383,0,46,Beau Lock 58,,AUS,8908.0,2693.9,78294.882,,0,Male,368E2C9C15917DCC,300,Bronze 1,893,Silver 2,55-59,Platinum 1,Week 02 | Trofeo Palma,Spring Classics 2026,101,477,47,Silver,72239,1537,0.51,Sprint
101383,0,47,Sayaka Kobayashi,,JPN,8923.3,2709.2,78294.882,,0,Bot,Bot5483,366,Bronze 1,366,Bronze 1,,Platinum 1,Week 02 | Trofeo Palma,Spring Classics 2026,95,477,47,Bronze,72239,1537,0.51,Sprint
101383,0,DNF,Manu Sola Arjona,,ESP,1651.1,0.0,16751.748,,0,Male,E428FC58F34AED4F,1398,Platinum 1,1398,Platinum 1,Senior,Platinum 1,Week 02 | Trofeo Palma,Spring Classics 2026,,477,47,Platinum,72239,1537,0.51,Sprint
101383,0,DNF,Patrick Santos,,POR,3137.0,0.0,30251.076,,0,Male,AB6431941A3BCDA8,100,Bronze 1,100,Bronze 1,35-39,Platinum 1,Week 02 | Trofeo Palma,Spring Classics 2026,,477,47,Bronze,72239,1537,0.51,Sprint
101383,0,DNF,Alex Pleger - яʀ,Rasio Racing,GER,3698.6,0.0,39864.308,,0,Male,92DED778C351A2DA,1600,Diamond 1,1600,Diamond 1,Senior,Platinum 1,Week 02 | Trofeo Palma,Spring Classics 2026,,477,47,Diamond,72239,1537,0.51,Sprint
101383,0,DNF,Henrik Olsen,,DEN,6200.9,0.0,54375.332,,0,Male,E9FC3C409A95D25B,100,Bronze 1,248,Bronze 1,60-64,Platinum 1,Week 02 | Trofeo Palma,Spring Classics 2026,,477,47,Bronze,72239,1537,0.51,Sprint
102367,0,1,Wendell Shannon,,swe,6286.9,0.0,81559.718,,0,Bot,Bot4857,1655,Diamond 1,1655,Diamond 1,,Diamond 1,Week 03 | Clasica de Almeira,Spring Classics 2026,363,342,47,Diamond,69795,1485,0.56,Sprint
102367,0,2,Guy McCall,Roklit,usa,6335.9,48963.0,81559.718,,0,Bot,Bot5512,1680,Diamond 1,1680,Diamond 1,,Diamond 1,Week 03 | Clasica de Almeira,Spring Classics 2026,357,342,47,Diamond,69795,1485,0.56,Sprint
102367,0,3,Luis Guerrero,,col,6419.8,132942.0,81559.718,,0,Bot,Bot8075,1656,Diamond 1,1656,Diamond 1,,Diamond 1,Week 03 | Clasica de Almeira,Spring Classics 2026,350,342,47,Diamond,69795,1485,0.56,Sprint
102367,0,4,Robert Kennedy,HCOM,irl,6420.0,133072.0,81559.718,,0,Bot,Bot7601,1624,Diamond 1,1624,Diamond 1,,Diamond 1,Week 03 | Clasica de Almeira,Spring Classics 2026,344,342,47,Diamond,69795,1485,0.56,Sprint
102367,0,5,Anthony Arnaud,,fra,6420.7,133829.0,81559.718,,0,Bot,Bot7256,1397,Platinum 1,1397,Platinum 1,,Diamond 1,Week 03 | Clasica de Almeira,Spring Classics 2026,338,342,47,Platinum,69795,1485,0.56,Sprint
102367,0,6,Jone Bakke Gravdal,DIRT,nor,6422.9,136051.0,81559.718,,0,Male,A0F6F7E89915B1DC,1356,Platinum 1,1356,Platinum 1,45-49,Diamond 1,Week 03 | Clasica de Almeira,Spring Classics 2026,332,342,47,Platinum,69795,1485,0.56,Sprint
102367,0,7,Ben Russell,M4shup Collective,gbr,6430.4,143529.0,81559.718,,0,Male,1F07CD9C7D4685AC,1573,Platinum 3,1573,Platinum 3,35-39,Diamond 1,Week 03 | Clasica de Almeira,Spring Classics 2026,326,342,47,Platinum,69795,1485,0.56,Sprint
102367,0,8,Borys Shvets,Roklit,ukr,6486.6,199710.0,81559.718,,0,Bot,Bot1312,1375,Platinum 1,1375,Platinum 1,,Diamond 1,Week 03 | Clasica de Almeira,Spring Classics 2026,320,342,47,Platinum,69795,1485,0.56,Sprint
102367,0,9,Glenn Lindberg,Orbit,den,6493.1,206222.0,81559.718,,0,Bot,Bot5803,1338,Platinum 1,1338,Platinum 1,,Diamond 1,Week 03 | Clasica de Almeira,Spring Classics 2026,314,342,47,Platinum,69795,1485,0.56,Sprint
102367,0,10,Joseph Stein,,aut,6551.8,264932.0,81559.718,,0,Bot,Bot3359,1374,Platinum 1,1374,Platinum 1,,Diamond 1,Week 03 | Clasica de Almeira,Spring Classics 2026,307,342,47,Platinum,69795,1485,0.56,Sprint
102367,0,11,Mitsuaki Kobayashi,,jpn,6805.8,518903.0,81559.718,,0,Bot,Bot2161,1320,Platinum 1,1320,Platinum 1,,Diamond 1,Week 03 | Clasica de Almeira,Spring Classics 2026,301,342,47,Platinum,69795,1485,0.56,Sprint
102367,0,12,Peter Austin,TROuble,gbr,6906.7,619820.0,81559.718,,0,Male,94BF2EA3E5A7CBC2,1194,Gold 2,1194,Gold 2,55-59,Diamond 1,Week 03 | Clasica de Almeira,Spring Classics 2026,295,342,47,Gold,69795,1485,0.56,Sprint
102367,0,13,Malte Stein,,ger,6911.9,624984.0,81559.718,,0,Bot,Bot9187,1104,Gold 2,1104,Gold 2,,Diamond 1,Week 03 | Clasica de Almeira,Spring Classics 2026,289,342,47,Gold,69795,1485,0.56,Sprint
102367,0,14,Petter Kristiansen,,nor,6938.7,651804.0,81559.718,,0,Bot,Bot8850,1287,Gold 3,1287,Gold 3,,Diamond 1,Week 03 | Clasica de Almeira,Spring Classics 2026,283,342,47,Gold,69795,1485,0.56,Sprint
102367,0,15,Andrej Moszkovicz,,cze,6938.8,651867.0,81559.718,,0,Bot,Bot5793,1175,Gold 2,1175,Gold 2,,Diamond 1,Week 03 | Clasica de Almeira,Spring Classics 2026,277,342,47,Gold,69795,1485,0.56,Sprint
102367,0,16,Ange PESSION,Riders Givrés du Trainer,fra,6950.0,663103.0,81559.718,,0,Male,A5965B2D831EAE21,1226,Gold 3,1226,Gold 3,60-64,Diamond 1,Week 03 | Clasica de Almeira,Spring Classics 2026,271,342,47,Gold,69795,1485,0.56,Sprint
102367,0,17,Mika Walter,Kumori,ger,6950.8,663911.0,81559.718,,0,Bot,Bot9640,1332,Platinum 1,1332,Platinum 1,,Diamond 1,Week 03 | Clasica de Almeira,Spring Classics 2026,264,342,47,Platinum,69795,1485,0.56,Sprint
102367,0,18,Chinhwa Dang,Orbit,kor,6950.8,663943.0,81559.718,,0,Bot,Bot2603,1003,Gold 1,1003,Gold 1,,Diamond 1,Week 03 | Clasica de Almeira,Spring Classics 2026,258,342,47,Gold,69795,1485,0.56,Sprint
102367,0,19,Mateus da Costa,,tls,6952.2,665290.0,81559.718,,0,Bot,Bot8455,1005,Gold 1,1005,Gold 1,,Diamond 1,Week 03 | Clasica de Almeira,Spring Classics 2026,252,342,47,Gold,69795,1485,0.56,Sprint
102367,0,20,Sonia Ventura,Saitama,por,6955.1,668243.0,81559.718,,0,Bot,Bot2734,1050,Gold 1,1050,Gold 1,,Diamond 1,Week 03 | Clasica de Almeira,Spring Classics 2026,246,342,47,Gold,69795,1485,0.56,Sprint
102367,0,21,Zach Farrell,,irl,6956.9,669983.0,81559.718,,0,Bot,Bot5079,1138,Gold 2,1138,Gold 2,,Diamond 1,Week 03 | Clasica de Almeira,Spring Classics 2026,240,342,47,Gold,69795,1485,0.56,Sprint
102367,0,22,Ton Van der Linden,Eckleson,ned,6957.1,670218.0,81559.718,,0,Bot,Bot6127,1003,Gold 1,1003,Gold 1,,Diamond 1,Week 03 | Clasica de Almeira,Spring Classics 2026,234,342,47,Gold,69795,1485,0.56,Sprint
102367,0,23,Ilias Mylonas,Titans,gre,7031.4,744481.0,81559.718,,0,Bot,Bot1630,1296,Gold 3,1296,Gold 3,,Diamond 1,Week 03 | Clasica de Almeira,Spring Classics 2026,227,342,47,Gold,69795,1485,0.56,Sprint
102367,0,24,Junaid Al-Muhairi,Fable,uae,7075.0,788104.0,81559.718,,0,Bot,Bot510,871,Silver 2,871,Silver 2,,Diamond 1,Week 03 | Clasica de Almeira,Spring Classics 2026,221,342,47,Silver,69795,1485,0.56,Sprint
102367,0,25,Ravi Abdulla,Windsail,uae,7075.0,788118.0,81559.718,,0,Bot,Bot7223,1074,Gold 1,1074,Gold 1,,Diamond 1,Week 03 | Clasica de Almeira,Spring Classics 2026,215,342,47,Gold,69795,1485,0.56,Sprint
102367,0,26,Leandro Simone,,ita,7075.7,788820.0,81559.718,,0,Bot,Bot1951,1047,Gold 1,1047,Gold 1,,Diamond 1,Week 03 | Clasica de Almeira,Spring Classics 2026,209,342,47,Gold,69795,1485,0.56,Sprint
102367,0,27,Lauren Preston,,rsa,7079.2,792295.0,81559.718,,0,Bot,Bot1673,950,Silver 3,950,Silver 3,,Diamond 1,Week 03 | Clasica de Almeira,Spring Classics 2026,203,342,47,Silver,69795,1485,0.56,Sprint
102367,0,28,Benita Russell,Ampex,gbr,7080.7,793766.0,81559.718,,0,Bot,Bot7514,727,Silver 1,727,Silver 1,,Diamond 1,Week 03 | Clasica de Almeira,Spring Classics 2026,197,342,47,Silver,69795,1485,0.56,Sprint
102367,0,29,Bart De Jong,Aguda,ned,7080.8,793883.0,81559.718,,0,Bot,Bot6733,1031,Gold 1,1031,Gold 1,,Diamond 1,Week 03 | Clasica de Almeira,Spring Classics 2026,191,342,47,Gold,69795,1485,0.56,Sprint
102367,0,30,Gabriel Garnier,AMO Solutions,fra,7080.9,794045.0,81559.718,,0,Bot,Bot3839,973,Silver 3,973,Silver 3,,Diamond 1,Week 03 | Clasica de Almeira,Spring Classics 2026,184,342,47,Silver,69795,1485,0.56,Sprint
102367,0,31,Biar Jok,,ssd,7342.7,1055785.0,81559.718,,0,Bot,Bot9469,801,Silver 2,801,Silver 2,,Diamond 1,Week 03 | Clasica de Almeira,Spring Classics 2026,178,342,47,Silver,69795,1485,0.56,Sprint
102367,0,32,Giancarlo Piras,,ita,7364.1,1077173.0,81559.718,,0,Bot,Bot3164,739,Silver 1,739,Silver 1,,Diamond 1,Week 03 | Clasica de Almeira,Spring Classics 2026,172,342,47,Silver,69795,1485,0.56,Sprint
102367,0,33,Tangi Matapo,Krowen,cok,7414.5,1127598.0,81559.718,,0,Bot,Bot7502,789,Silver 1,789,Silver 1,,Diamond 1,Week 03 | Clasica de Almeira,Spring Classics 2026,166,342,47,Silver,69795,1485,0.56,Sprint
102367,0,34,Agostina Ortiz,,arg,7577.5,1290587.0,81559.718,,0,Bot,Bot7067,733,Silver 1,733,Silver 1,,Diamond 1,Week 03 | Clasica de Almeira,Spring Classics 2026,160,342,47,Silver,69795,1485,0.56,Sprint
102367,0,35,Nathan Lentz,,lux,7587.5,1300576.0,81559.718,,0,Bot,Bot7649,683,Bronze 3,683,Bronze 3,,Diamond 1,Week 03 | Clasica de Almeira,Spring Classics 2026,154,342,47,Bronze,69795,1485,0.56,Sprint
102367,0,36,Eva André,,bel,7603.8,1316884.0,81559.718,,0,Bot,Bot9993,665,Bronze 3,665,Bronze 3,,Diamond 1,Week 03 | Clasica de Almeira,Spring Classics 2026,147,342,47,Bronze,69795,1485,0.56,Sprint
102367,0,37,Jamie Macrae,,sco,7615.1,1328229.0,81559.718,,0,Bot,Bot8650,694,Bronze 3,694,Bronze 3,,Diamond 1,Week 03 | Clasica de Almeira,Spring Classics 2026,141,342,47,Bronze,69795,1485,0.56,Sprint
102367,0,38,Runchu Mao,Nitro,chn,7815.7,1528778.0,81559.718,,0,Bot,Bot137,520,Bronze 2,520,Bronze 2,,Diamond 1,Week 03 | Clasica de Almeira,Spring Classics 2026,135,342,47,Bronze,69795,1485,0.56,Sprint
102367,0,39,Kenshin Takeuchi,,jpn,8069.4,1782540.0,81559.718,,0,Bot,Bot773,713,Silver 1,713,Silver 1,,Diamond 1,Week 03 | Clasica de Almeira,Spring Classics 2026,129,342,47,Silver,69795,1485,0.56,Sprint
102367,0,40,Nettie Flowers,,eng,8077.8,1790929.0,81559.718,,0,Bot,Bot5146,468,Bronze 1,468,Bronze 1,,Diamond 1,Week 03 | Clasica de Almeira,Spring Classics 2026,123,342,47,Bronze,69795,1485,0.56,Sprint
102367,0,41,Gasnier Christian,,fra,8247.9,1960963.0,81559.718,,0,Male,13E53858BEA44768,100,Carbon 1,439,Bronze 1,60-64,Diamond 1,Week 03 | Clasica de Almeira,Spring Classics 2026,117,342,47,Bronze,69795,1485,0.56,Sprint
102367,0,42,Nadia Kjeldsen,Heat,den,8248.3,1961397.0,81559.718,,0,Bot,Bot6907,480,Bronze 1,480,Bronze 1,,Diamond 1,Week 03 | Clasica de Almeira,Spring Classics 2026,111,342,47,Bronze,69795,1485,0.56,Sprint
102367,0,43,Alexandra Zimmer,Krowen,ger,8253.7,1966770.0,81559.718,,0,Bot,Bot7602,584,Bronze 2,584,Bronze 2,,Diamond 1,Week 03 | Clasica de Almeira,Spring Classics 2026,104,342,47,Bronze,69795,1485,0.56,Sprint
102367,0,44,Jeanne Roux,Systech,fra,8256.3,1969388.0,81559.718,,0,Bot,Bot404,448,Bronze 1,448,Bronze 1,,Diamond 1,Week 03 | Clasica de Almeira,Spring Classics 2026,98,342,47,Bronze,69795,1485,0.56,Sprint
102367,0,45,Adam Saliba,AI Thunder,mlt,8369.8,2082877.0,81559.718,,0,Bot,Bot800,681,Bronze 3,681,Bronze 3,,Diamond 1,Week 03 | Clasica de Almeira,Spring Classics 2026,92,342,47,Bronze,69795,1485,0.56,Sprint
102367,0,46,Francisca Novelo,,biz,8369.8,2082887.0,81559.718,,0,Bot,Bot9298,535,Bronze 2,535,Bronze 2,,Diamond 1,Week 03 | Clasica de Almeira,Spring Classics 2026,86,342,47,Bronze,69795,1485,0.56,Sprint
102367,0,47,Laura Lambert,,can,8556.8,2269864.0,81559.718,,0,Bot,Bot2396,362,Bronze 1,362,Bronze 1,,Diamond 1,Week 03 | Clasica de Almeira,Spring Classics 2026,80,342,47,Bronze,69795,1485,0.56,Sprint
102367,0,DNF,Steven Howe,HP3,gbr,4348.5,0.0,55592.101,,0,Male,6752948652B894E0,100,Carbon 1,1371,Platinum 1,40-44,Diamond 1,Week 03 | Clasica de Almeira,Spring Classics 2026,,342,47,Platinum,69795,1485,0.56,Sprint
102367,0,DNF,Sylwester Kubiak,Zonkify,pol,8292.4,0.0,73392.304,,0,Bot,Bot609,548,Bronze 2,548,Bronze 2,,Diamond 1,Week 03 | Clasica de Almeira,Spring Classics 2026,,342,47,Bronze,69795,1485,0.56,Sprint
102368,0,1,Michael Carilli,Ride 4 Claire,USA,6077.8,0.0,81559.718,,0,Male,BDEFB7D89F966E00,100,Bronze 1,1379,Platinum 1,35-39,Platinum 1,Week 03 | Clasica de Almeira,Spring Classics 2026,382,342,34,Platinum,53125,1563,0.47,Sprint
102368,0,2,Money Matt,Ride 4 Claire,USA,6093.9,16.1,81559.718,,0,Male,AF1EE59E08C91C62,1613,Diamond 1,1613,Diamond 1,40-44,Platinum 1,Week 03 | Clasica de Almeira,Spring Classics 2026,373,342,34,Diamond,53125,1563,0.47,Sprint
102368,0,3,David Talbott,Ride 4 Claire,USA,6102.3,24.5,81559.718,,0,Male,40B0170FB0748402,1723,Diamond 2,1723,Diamond 2,35-39,Platinum 1,Week 03 | Clasica de Almeira,Spring Classics 2026,365,342,34,Diamond,53125,1563,0.47,Sprint
102368,0,4,Gregory Frison,M4shup Collective,FRA,6110.0,32.2,81559.718,,0,Male,25238B3BC618DB07,1831,Diamond 3,1831,Diamond 3,35-39,Platinum 1,Week 03 | Clasica de Almeira,Spring Classics 2026,356,342,34,Diamond,53125,1563,0.47,Sprint
102368,0,5,Alexandre Peigne,Race3R,FRA,6217.8,140.1,81559.718,,0,Male,9A5A42A2AAD1410F,1528,Platinum 3,1528,Platinum 3,45-49,Platinum 1,Week 03 | Clasica de Almeira,Spring Classics 2026,348,342,34,Platinum,53125,1563,0.47,Sprint
102368,0,6,Doug Hart,Pedalers,GBR,6253.7,175.9,81559.718,,0,Male,11799A7C1CF76DE9,1444,Platinum 2,1444,Platinum 2,50-54,Platinum 1,Week 03 | Clasica de Almeira,Spring Classics 2026,339,342,34,Platinum,53125,1563,0.47,Sprint
102368,0,7,Even Øistensen,Race3R,NOR,6262.7,184.9,81559.718,,0,Male,A4DD9760300BDC00,1467,Platinum 2,1467,Platinum 2,50-54,Platinum 1,Week 03 | Clasica de Almeira,Spring Classics 2026,331,342,34,Platinum,53125,1563,0.47,Sprint
102368,0,8,Nicolas Christin,Riders Givrés du Trainer,FRA,6264.3,186.5,81559.718,,0,Male,60F120E72AAB9932,1597,Platinum 3,1597,Platinum 3,45-49,Platinum 1,Week 03 | Clasica de Almeira,Spring Classics 2026,322,342,34,Platinum,53125,1563,0.47,Sprint
102368,0,9,Ben Goodfellow,,GBR,6301.0,223.2,81559.718,,0,Male,1BD254BED961385E,300,Bronze 1,1437,Platinum 2,Senior,Platinum 1,Week 03 | Clasica de Almeira,Spring Classics 2026,314,342,34,Platinum,53125,1563,0.47,Sprint
102368,0,10,Paul  Watkins,TTT Project,WAL,6339.2,261.4,81559.718,,0,Male,1C187305EC910212,1829,Diamond 3,1829,Diamond 3,50-54,Platinum 1,Week 03 | Clasica de Almeira,Spring Classics 2026,305,342,34,Diamond,53125,1563,0.47,Sprint
102368,0,11,Jasper Mosevang Vinten,Christiansen & Essenbaek,DEN,6411.8,334.0,81559.718,,0,Male,2816CABB1522B45A,1364,Platinum 1,1364,Platinum 1,55-59,Platinum 1,Week 03 | Clasica de Almeira,Spring Classics 2026,297,342,34,Platinum,53125,1563,0.47,Sprint
102368,0,12,Jerome Colisson,Riders Givrés du Trainer,FRA,6438.4,360.7,81559.718,,0,Male,ABEB3D1505EE9F55,1380,Platinum 1,1380,Platinum 1,50-54,Platinum 1,Week 03 | Clasica de Almeira,Spring Classics 2026,288,342,34,Platinum,53125,1563,0.47,Sprint
102368,0,13,Jay  Santi,Pedalers,CAN,6550.1,472.3,81559.718,,0,Male,DEE9CDE9AAFC3773,1172,Gold 2,1172,Gold 2,50-54,Platinum 1,Week 03 | Clasica de Almeira,Spring Classics 2026,280,342,34,Gold,53125,1563,0.47,Sprint
102368,0,14,tyler bronder,Allkin Racing,USA,6551.0,473.3,81559.718,,0,Male,94361D719CD465DD,1239,Gold 3,1239,Gold 3,45-49,Platinum 1,Week 03 | Clasica de Almeira,Spring Classics 2026,272,342,34,Gold,53125,1563,0.47,Sprint
102368,0,15,Kerman Azkargorta,,BSQ,6554.0,476.2,81559.718,,0,Male,63C1DB6FC8704EAA,200,Bronze 1,1308,Platinum 1,50-54,Platinum 1,Week 03 | Clasica de Almeira,Spring Classics 2026,263,342,34,Platinum,53125,1563,0.47,Sprint
102368,0,16,Malik Singh,,TTO,6556.5,478.7,81559.718,,0,Bot,Bot4163,1118,Gold 2,1118,Gold 2,,Platinum 1,Week 03 | Clasica de Almeira,Spring Classics 2026,255,342,34,Gold,53125,1563,0.47,Sprint
102368,0,17,Hikaru Hayashi,,JPN,6810.5,732.7,81559.718,,0,Bot,Bot2975,1173,Gold 2,1173,Gold 2,,Platinum 1,Week 03 | Clasica de Almeira,Spring Classics 2026,246,342,34,Gold,53125,1563,0.47,Sprint
102368,0,18,Noah Fogh,Christiansen & Essenbaek,DEN,6811.7,734.0,81559.718,,0,Male,142B63D7DDABC42B,300,Bronze 1,1297,Gold 3,U23,Platinum 1,Week 03 | Clasica de Almeira,Spring Classics 2026,238,342,34,Gold,53125,1563,0.47,Sprint
102368,0,19,Tom Ghan,Allkin Racing,USA,6812.1,734.3,81559.718,,0,Male,59E553BC6444171B,971,Silver 3,971,Silver 3,60-64,Platinum 1,Week 03 | Clasica de Almeira,Spring Classics 2026,229,342,34,Silver,53125,1563,0.47,Sprint
102368,0,20,Shawn Benard,,CAN,6812.4,734.6,81559.718,,0,Male,D2182AC65ABBA884,100,Bronze 1,857,Silver 2,50-54,Platinum 1,Week 03 | Clasica de Almeira,Spring Classics 2026,221,342,34,Silver,53125,1563,0.47,Sprint
102368,0,21,Jessica Kucharska,,POL,6813.5,735.7,81559.718,,0,Bot,Bot3245,889,Silver 2,889,Silver 2,,Platinum 1,Week 03 | Clasica de Almeira,Spring Classics 2026,212,342,34,Silver,53125,1563,0.47,Sprint
102368,0,22,Pietro Baldi,,ITA,6815.5,737.7,81559.718,,0,Bot,Bot4249,1074,Gold 1,1074,Gold 1,,Platinum 1,Week 03 | Clasica de Almeira,Spring Classics 2026,204,342,34,Gold,53125,1563,0.47,Sprint
102368,0,23,Michael Fogh Hansen,eCKD Eagles,DEN,6817.4,739.6,81559.718,,0,Male,428BBF25420C94EF,1021,Gold 1,1021,Gold 1,45-49,Platinum 1,Week 03 | Clasica de Almeira,Spring Classics 2026,195,342,34,Gold,53125,1563,0.47,Sprint
102368,0,24,David Judge,,GBR,6819.5,741.8,81559.718,,0,Male,A976A6CF4EEF2930,100,Bronze 1,440,Bronze 1,Senior,Platinum 1,Week 03 | Clasica de Almeira,Spring Classics 2026,187,342,34,Bronze,53125,1563,0.47,Sprint
102368,0,25,Chunghee Jong,Titans,KOR,7170.9,1093.2,81559.718,,0,Bot,Bot830,1059,Gold 1,1059,Gold 1,,Platinum 1,Week 03 | Clasica de Almeira,Spring Classics 2026,178,342,34,Gold,53125,1563,0.47,Sprint
102368,0,26,Eirwyn Lewis,,WAL,7171.0,1093.2,81559.718,,0,Bot,Bot9442,945,Silver 3,945,Silver 3,,Platinum 1,Week 03 | Clasica de Almeira,Spring Classics 2026,170,342,34,Silver,53125,1563,0.47,Sprint
102368,0,27,Joost Dijkstra,,NED,7171.1,1093.3,81559.718,,0,Bot,Bot2779,848,Silver 2,848,Silver 2,,Platinum 1,Week 03 | Clasica de Almeira,Spring Classics 2026,161,342,34,Silver,53125,1563,0.47,Sprint
102368,0,28,Leon Kindle,Pioma,LIE,7260.0,1182.3,81559.718,,0,Bot,Bot8038,798,Silver 1,798,Silver 1,,Platinum 1,Week 03 | Clasica de Almeira,Spring Classics 2026,153,342,34,Silver,53125,1563,0.47,Sprint
102368,0,29,Thomas B Gjelstrup,,DEN,7267.3,1189.5,81559.718,,0,Male,E84A7E7377C9A764,100,Bronze 1,524,Bronze 2,40-44,Platinum 1,Week 03 | Clasica de Almeira,Spring Classics 2026,144,342,34,Bronze,53125,1563,0.47,Sprint
102368,0,30,Robert Joly,Kumori,FRA,7396.4,1318.6,81559.718,,0,Bot,Bot1040,835,Silver 2,835,Silver 2,,Platinum 1,Week 03 | Clasica de Almeira,Spring Classics 2026,136,342,34,Silver,53125,1563,0.47,Sprint
102368,0,31,Yousef Ansari,Sherpa,UAE,7498.8,1421.0,81559.718,,0,Bot,Bot6420,936,Silver 3,936,Silver 3,,Platinum 1,Week 03 | Clasica de Almeira,Spring Classics 2026,127,342,34,Silver,53125,1563,0.47,Sprint
102368,0,32,Janet Rogers,Formix,GBR,7501.5,1423.7,81559.718,,0,Bot,Bot9617,682,Bronze 3,682,Bronze 3,,Platinum 1,Week 03 | Clasica de Almeira,Spring Classics 2026,119,342,34,Bronze,53125,1563,0.47,Sprint
102368,0,33,Alba Brown,,GBR,7507.5,1429.7,81559.718,,0,Bot,Bot4482,611,Bronze 3,611,Bronze 3,,Platinum 1,Week 03 | Clasica de Almeira,Spring Classics 2026,110,342,34,Bronze,53125,1563,0.47,Sprint
102368,0,34,Tatsuki Maeda,Aria Olefson,JPN,7507.7,1430.0,81559.718,,0,Bot,Bot1828,614,Bronze 3,614,Bronze 3,,Platinum 1,Week 03 | Clasica de Almeira,Spring Classics 2026,102,342,34,Bronze,53125,1563,0.47,Sprint
102368,0,DNF,Gema Gonzalez,,MEX,170.2,0.0,798.74,,0,Female,AC1828D18116A61D,100,Bronze 1,440,Bronze 1,45-49,Platinum 1,Week 03 | Clasica de Almeira,Spring Classics 2026,,342,34,Bronze,53125,1563,0.47,Sprint
102368,0,DNF,Karen Giraldo,,COL,220.6,0.0,1352.247,,0,Bot,Bot2096,464,Bronze 1,464,Bronze 1,,Platinum 1,Week 03 | Clasica de Almeira,Spring Classics 2026,,342,34,Bronze,53125,1563,0.47,Sprint
102368,0,DNF,Alexander Marxer,,LIE,280.5,0.0,2142.749,,0,Bot,Bot1374,915,Silver 3,915,Silver 3,,Platinum 1,Week 03 | Clasica de Almeira,Spring Classics 2026,,342,34,Silver,53125,1563,0.47,Sprint
102368,0,DNF,Soeren Lindner,Pedalers,GER,310.4,0.0,0,,0,Male,F6E71543195D5045,1666,Diamond 1,1666,Diamond 1,35-39,Platinum 1,Week 03 | Clasica de Almeira,Spring Classics 2026,,342,34,Diamond,53125,1563,0.47,Sprint
102368,0,DNF,Clément Meyer,,FRA,340.5,0.0,2685.698,,0,Bot,Bot5274,772,Silver 1,772,Silver 1,,Platinum 1,Week 03 | Clasica de Almeira,Spring Classics 2026,,342,34,Silver,53125,1563,0.47,Sprint
102368,0,DNF,Tanja Klochkov,Formix,CZE,857.3,0.0,10753.259,,0,Bot,Bot1217,901,Silver 3,901,Silver 3,,Platinum 1,Week 03 | Clasica de Almeira,Spring Classics 2026,,342,34,Silver,53125,1563,0.47,Sprint
102368,0,DNF,Monique Kuipers,Krowen,NED,857.3,0.0,10506.393,,0,Bot,Bot8802,1088,Gold 1,1088,Gold 1,,Platinum 1,Week 03 | Clasica de Almeira,Spring Classics 2026,,342,34,Gold,53125,1563,0.47,Sprint
102368,0,DNF,Jonathon Bonilla,,RSA,977.3,0.0,12041.767,,0,Bot,Bot8670,804,Silver 2,804,Silver 2,,Platinum 1,Week 03 | Clasica de Almeira,Spring Classics 2026,,342,34,Silver,53125,1563,0.47,Sprint
102368,0,DNF,Joern Fjeldavlie,,NOR,2864.6,0.0,37787.984,,0,Male,A0345896DC1CAD7D,100,Bronze 1,1370,Platinum 1,60-64,Platinum 1,Week 03 | Clasica de Almeira,Spring Classics 2026,,342,34,Platinum,53125,1563,0.47,Sprint
102368,0,DNF,Dae Bi,,KOR,3899.7,0.0,42479.824,,0,Bot,Bot3354,466,Bronze 1,466,Bronze 1,,Platinum 1,Week 03 | Clasica de Almeira,Spring Classics 2026,,342,34,Bronze,53125,1563,0.47,Sprint
102368,0,DNF,Johan Nordlund,,FIN,4577.3,0.0,62501.863,,0,Male,1EB278C6D11F98B9,100,Bronze 1,1471,Platinum 2,45-49,Platinum 1,Week 03 | Clasica de Almeira,Spring Classics 2026,,342,34,Platinum,53125,1563,0.47,Sprint
102368,0,DNF,Thomas Helveg,Pure Power,DEN,5020.3,0.0,60790.312,,0,Male,1380A6ADAED1F442,1040,Gold 1,1040,Gold 1,55-59,Platinum 1,Week 03 | Clasica de Almeira,Spring Classics 2026,,342,34,Gold,53125,1563,0.47,Sprint
102368,0,DNF,Guillaume Pot,Pedalers,FRA,5147.2,0.0,63052.863,,0,Male,256B4C5EF00DEDCB,1453,Platinum 2,1453,Platinum 2,40-44,Platinum 1,Week 03 | Clasica de Almeira,Spring Classics 2026,,342,34,Platinum,53125,1563,0.47,Sprint
102368,0,DNF,Jeroen Van der Veen,,NED,7309.4,0.0,68006.718,,0,Bot,Bot7149,673,Bronze 3,673,Bronze 3,,Platinum 1,Week 03 | Clasica de Almeira,Spring Classics 2026,,342,34,Bronze,53125,1563,0.47,Sprint
102368,0,DNF,Sandra Janssen,,NED,7369.4,0.0,71605.335,,0,Bot,Bot4171,617,Bronze 3,617,Bronze 3,,Platinum 1,Week 03 | Clasica de Almeira,Spring Classics 2026,,342,34,Bronze,53125,1563,0.47,Sprint
102368,0,DNF,Jayden Fitzpatrick,,IRL,7429.4,0.0,77126.601,,0,Bot,Bot3568,620,Bronze 3,620,Bronze 3,,Platinum 1,Week 03 | Clasica de Almeira,Spring Classics 2026,,342,34,Bronze,53125,1563,0.47,Sprint
102370,0,1,Jakob Hilti,,lie,6346.1,0.0,74131.515,0,0,Bot,Bot51,1458,Platinum 2,1458,Platinum 2,,Platinum 2,Week 04 | Kuurne Brussel Kuurne,Spring Classics 2026,373,661,44,Platinum,62634,1424,0.06,HIlls
102370,0,2,Jone Bakke Gravdal,DIRT,nor,6351.0,4921.0,74131.515,0,0,Male,A0F6F7E89915B1DC,1354,Platinum 1,1354,Platinum 1,45-49,Platinum 2,Week 04 | Kuurne Brussel Kuurne,Spring Classics 2026,369,661,44,Platinum,62634,1424,0.06,HIlls
102370,0,3,Werner Kaiser,,aut,6351.7,5548.0,74131.515,0,0,Bot,Bot8068,1418,Platinum 2,1418,Platinum 2,,Platinum 2,Week 04 | Kuurne Brussel Kuurne,Spring Classics 2026,364,661,44,Platinum,62634,1424,0.06,HIlls
102370,0,4,Rory Robertson,Titans,sco,6351.8,5707.0,74131.515,0,0,Bot,Bot7230,1393,Platinum 1,1393,Platinum 1,,Platinum 2,Week 04 | Kuurne Brussel Kuurne,Spring Classics 2026,360,661,44,Platinum,62634,1424,0.06,HIlls
102370,0,5,Carlos Carmona,,esp,6351.9,5823.0,74131.515,0,0,Bot,Bot958,1429,Platinum 2,1429,Platinum 2,,Platinum 2,Week 04 | Kuurne Brussel Kuurne,Spring Classics 2026,355,661,44,Platinum,62634,1424,0.06,HIlls
102370,0,6,Adam Stuart,,sco,6352.0,5896.0,74131.515,0,0,Bot,Bot4980,1409,Platinum 2,1409,Platinum 2,,Platinum 2,Week 04 | Kuurne Brussel Kuurne,Spring Classics 2026,350,661,44,Platinum,62634,1424,0.06,HIlls
102370,0,7,Jochen Hübner,,sui,6352.1,5960.0,74131.515,0,0,Bot,Bot4146,1451,Platinum 2,1451,Platinum 2,,Platinum 2,Week 04 | Kuurne Brussel Kuurne,Spring Classics 2026,346,661,44,Platinum,62634,1424,0.06,HIlls
102370,0,8,Ian Ortiz,AMO Solutions,arg,6352.1,5965.0,74131.515,0,0,Bot,Bot2339,1464,Platinum 2,1464,Platinum 2,,Platinum 2,Week 04 | Kuurne Brussel Kuurne,Spring Classics 2026,341,661,44,Platinum,62634,1424,0.06,HIlls
102370,0,9,Mirko Kovačević,Roklit,bih,6394.1,47960.0,74131.515,0,0,Bot,Bot5112,1319,Platinum 1,1319,Platinum 1,,Platinum 2,Week 04 | Kuurne Brussel Kuurne,Spring Classics 2026,337,661,44,Platinum,62634,1424,0.06,HIlls
102370,0,10,Edgars Krūmiņš,,lat,6394.1,48038.0,74131.515,0,0,Bot,Bot1154,1450,Platinum 2,1450,Platinum 2,,Platinum 2,Week 04 | Kuurne Brussel Kuurne,Spring Classics 2026,332,661,44,Platinum,62634,1424,0.06,HIlls
102370,0,11,Szabolcs Nagy,YES,hun,6403.6,57455.0,74131.515,0,0,Bot,Bot6635,1360,Platinum 1,1360,Platinum 1,,Platinum 2,Week 04 | Kuurne Brussel Kuurne,Spring Classics 2026,327,661,44,Platinum,62634,1424,0.06,HIlls
102370,0,12,Linus Keller,,ger,6403.9,57787.0,74131.515,0,0,Bot,Bot4984,1386,Platinum 1,1386,Platinum 1,,Platinum 2,Week 04 | Kuurne Brussel Kuurne,Spring Classics 2026,323,661,44,Platinum,62634,1424,0.06,HIlls
102370,0,13,Dieter Mayer,,aut,6404.3,58180.0,74131.515,0,0,Bot,Bot6955,1364,Platinum 1,1364,Platinum 1,,Platinum 2,Week 04 | Kuurne Brussel Kuurne,Spring Classics 2026,318,661,44,Platinum,62634,1424,0.06,HIlls
102370,0,14,Gilbert Meyer,,fra,6421.8,75719.0,74131.515,0,0,Bot,Bot7160,1470,Platinum 2,1470,Platinum 2,,Platinum 2,Week 04 | Kuurne Brussel Kuurne,Spring Classics 2026,314,661,44,Platinum,62634,1424,0.06,HIlls
102370,0,15,Florian Girard,,fra,6422.8,76687.0,74131.515,0,0,Bot,Bot5861,1391,Platinum 1,1391,Platinum 1,,Platinum 2,Week 04 | Kuurne Brussel Kuurne,Spring Classics 2026,309,661,44,Platinum,62634,1424,0.06,HIlls
102370,0,16,Eric Lemoine,,fra,6423.2,77136.0,74131.515,0,0,Bot,Bot6162,1415,Platinum 2,1415,Platinum 2,,Platinum 2,Week 04 | Kuurne Brussel Kuurne,Spring Classics 2026,305,661,44,Platinum,62634,1424,0.06,HIlls
102370,0,17,Dobroslav Pulszky,Aspire,srb,6423.3,77227.0,74131.515,0,0,Bot,Bot1229,1370,Platinum 1,1370,Platinum 1,,Platinum 2,Week 04 | Kuurne Brussel Kuurne,Spring Classics 2026,300,661,44,Platinum,62634,1424,0.06,HIlls
102370,0,18,Kobe Simon,Hinal,bel,6436.5,90354.0,74131.515,0,0,Bot,Bot6531,1348,Platinum 1,1348,Platinum 1,,Platinum 2,Week 04 | Kuurne Brussel Kuurne,Spring Classics 2026,295,661,44,Platinum,62634,1424,0.06,HIlls
102370,0,19,Sammy Griffin,,gbr,6437.7,91546.0,74131.515,0,0,Bot,Bot686,1308,Platinum 1,1308,Platinum 1,,Platinum 2,Week 04 | Kuurne Brussel Kuurne,Spring Classics 2026,291,661,44,Platinum,62634,1424,0.06,HIlls
102370,0,20,Julian Adamski,,pol,6437.8,91663.0,74131.515,0,0,Bot,Bot4179,1293,Gold 3,1293,Gold 3,,Platinum 2,Week 04 | Kuurne Brussel Kuurne,Spring Classics 2026,286,661,44,Gold,62634,1424,0.06,HIlls
102370,0,21,Jun’ichi Okada,,jpn,6440.8,94658.0,74131.515,0,0,Bot,Bot9646,1263,Gold 3,1263,Gold 3,,Platinum 2,Week 04 | Kuurne Brussel Kuurne,Spring Classics 2026,282,661,44,Gold,62634,1424,0.06,HIlls
102370,0,22,Lasse Busch,,sui,6441.2,95131.0,74131.515,0,0,Bot,Bot3598,1296,Gold 3,1296,Gold 3,,Platinum 2,Week 04 | Kuurne Brussel Kuurne,Spring Classics 2026,277,661,44,Gold,62634,1424,0.06,HIlls
102370,0,23,Nabil Anwar,,uae,6441.3,95243.0,74131.515,0,0,Bot,Bot9287,1477,Platinum 2,1477,Platinum 2,,Platinum 2,Week 04 | Kuurne Brussel Kuurne,Spring Classics 2026,272,661,44,Platinum,62634,1424,0.06,HIlls
102370,0,24,Steven Navarro,Formix,eng,6441.8,95649.0,74131.515,0,0,Bot,Bot8317,1293,Gold 3,1293,Gold 3,,Platinum 2,Week 04 | Kuurne Brussel Kuurne,Spring Classics 2026,268,661,44,Gold,62634,1424,0.06,HIlls
102370,0,25,Andreas Ziegler,,ger,6480.9,134746.0,74131.515,0,0,Bot,Bot4248,1476,Platinum 2,1476,Platinum 2,,Platinum 2,Week 04 | Kuurne Brussel Kuurne,Spring Classics 2026,263,661,44,Platinum,62634,1424,0.06,HIlls
102370,0,26,Lorenzo Sullivan,Zonkify,usa,6504.3,158225.0,74131.515,0,0,Bot,Bot8709,1348,Platinum 1,1348,Platinum 1,,Platinum 2,Week 04 | Kuurne Brussel Kuurne,Spring Classics 2026,259,661,44,Platinum,62634,1424,0.06,HIlls
102370,0,27,Forrest Beck,,aus,6507.5,161411.0,74131.515,0,0,Bot,Bot8843,1357,Platinum 1,1357,Platinum 1,,Platinum 2,Week 04 | Kuurne Brussel Kuurne,Spring Classics 2026,254,661,44,Platinum,62634,1424,0.06,HIlls
102370,0,28,Aadarsh Shrestha,,nep,6507.6,161511.0,74131.515,0,0,Bot,Bot484,1312,Platinum 1,1312,Platinum 1,,Platinum 2,Week 04 | Kuurne Brussel Kuurne,Spring Classics 2026,249,661,44,Platinum,62634,1424,0.06,HIlls
102370,0,29,Dwayne Williams,eVOX,vin,6546.2,200115.0,74131.515,0,0,Bot,Bot6305,1429,Platinum 2,1429,Platinum 2,,Platinum 2,Week 04 | Kuurne Brussel Kuurne,Spring Classics 2026,245,661,44,Platinum,62634,1424,0.06,HIlls
102370,0,30,Thaddeus Gordon,,usa,6560.5,214352.0,74131.515,0,0,Bot,Bot5047,1269,Gold 3,1269,Gold 3,,Platinum 2,Week 04 | Kuurne Brussel Kuurne,Spring Classics 2026,240,661,44,Gold,62634,1424,0.06,HIlls
102370,0,31,Elmo Tosi,,ita,6560.7,214586.0,74131.515,0,0,Bot,Bot4675,1301,Platinum 1,1301,Platinum 1,,Platinum 2,Week 04 | Kuurne Brussel Kuurne,Spring Classics 2026,236,661,44,Platinum,62634,1424,0.06,HIlls
102370,0,32,Angel Martin,,esp,6578.5,232433.0,74131.515,0,0,Bot,Bot3949,1255,Gold 3,1255,Gold 3,,Platinum 2,Week 04 | Kuurne Brussel Kuurne,Spring Classics 2026,231,661,44,Gold,62634,1424,0.06,HIlls
102370,0,33,Mitsuaki Kobayashi,,jpn,6585.4,239309.0,74131.515,0,0,Bot,Bot2161,1331,Platinum 1,1331,Platinum 1,,Platinum 2,Week 04 | Kuurne Brussel Kuurne,Spring Classics 2026,226,661,44,Platinum,62634,1424,0.06,HIlls
102370,0,34,Wilson Lewis,,aus,6597.8,251660.0,74131.515,0,0,Bot,Bot1895,1351,Platinum 1,1351,Platinum 1,,Platinum 2,Week 04 | Kuurne Brussel Kuurne,Spring Classics 2026,222,661,44,Platinum,62634,1424,0.06,HIlls
102370,0,35,Gabrielius Kazlauskas,HCOM,ltu,6620.5,274353.0,74131.515,0,0,Bot,Bot201,1368,Platinum 1,1368,Platinum 1,,Platinum 2,Week 04 | Kuurne Brussel Kuurne,Spring Classics 2026,217,661,44,Platinum,62634,1424,0.06,HIlls
102370,0,36,Kenneth Pettersson,Ampex,swe,6671.9,325803.0,74131.515,0,0,Bot,Bot5714,1396,Platinum 1,1396,Platinum 1,,Platinum 2,Week 04 | Kuurne Brussel Kuurne,Spring Classics 2026,213,661,44,Platinum,62634,1424,0.06,HIlls
102370,0,37,Stan Richard,,usa,6677.0,330867.0,74131.515,0,0,Bot,Bot1681,1330,Platinum 1,1330,Platinum 1,,Platinum 2,Week 04 | Kuurne Brussel Kuurne,Spring Classics 2026,208,661,44,Platinum,62634,1424,0.06,HIlls
102370,0,38,Eugene Alexander,,rsa,6690.5,344433.0,74131.515,0,0,Bot,Bot281,1277,Gold 3,1277,Gold 3,,Platinum 2,Week 04 | Kuurne Brussel Kuurne,Spring Classics 2026,203,661,44,Gold,62634,1424,0.06,HIlls
102370,0,39,Miguel Bedoya,Ampex,col,6690.7,344590.0,74131.515,0,0,Bot,Bot3314,1320,Platinum 1,1320,Platinum 1,,Platinum 2,Week 04 | Kuurne Brussel Kuurne,Spring Classics 2026,199,661,44,Platinum,62634,1424,0.06,HIlls
102370,0,40,Jun Ōta,,jpn,6749.4,403326.0,74131.515,0,0,Bot,Bot5764,1302,Platinum 1,1302,Platinum 1,,Platinum 2,Week 04 | Kuurne Brussel Kuurne,Spring Classics 2026,194,661,44,Platinum,62634,1424,0.06,HIlls
102370,0,41,Carlos Valencia,Nitro,col,6824.5,478417.0,74131.515,0,0,Bot,Bot5337,1306,Platinum 1,1306,Platinum 1,,Platinum 2,Week 04 | Kuurne Brussel Kuurne,Spring Classics 2026,190,661,44,Platinum,62634,1424,0.06,HIlls
102370,0,42,Saad Hameed,,uae,6824.6,478489.0,74131.515,0,0,Bot,Bot6874,1282,Gold 3,1282,Gold 3,,Platinum 2,Week 04 | Kuurne Brussel Kuurne,Spring Classics 2026,185,661,44,Gold,62634,1424,0.06,HIlls
102370,0,43,Denis David,,fra,6824.8,478711.0,74131.515,0,0,Bot,Bot8599,1347,Platinum 1,1347,Platinum 1,,Platinum 2,Week 04 | Kuurne Brussel Kuurne,Spring Classics 2026,180,661,44,Platinum,62634,1424,0.06,HIlls
102370,0,44,Dominique Rangel,,usa,6824.8,478726.0,74131.515,0,0,Bot,Bot3142,1252,Gold 3,1252,Gold 3,,Platinum 2,Week 04 | Kuurne Brussel Kuurne,Spring Classics 2026,176,661,44,Gold,62634,1424,0.06,HIlls
102370,0,DNF,Bojidar Yankov,,bul,6409.6,0.0,69038.953,0,0,Bot,Bot4643,1243,Gold 3,1243,Gold 3,,Platinum 2,Week 04 | Kuurne Brussel Kuurne,Spring Classics 2026,,661,44,Gold,62634,1424,0.06,HIlls
102370,0,DNF,Xavier Travesset,,and,6469.5,0.0,69753.859,0,0,Bot,Bot8961,1254,Gold 3,1254,Gold 3,,Platinum 2,Week 04 | Kuurne Brussel Kuurne,Spring Classics 2026,,661,44,Gold,62634,1424,0.06,HIlls
102370,0,DNF,Judson Cook,,rsa,6529.5,0.0,70353.156,0,0,Bot,Bot5869,1237,Gold 3,1237,Gold 3,,Platinum 2,Week 04 | Kuurne Brussel Kuurne,Spring Classics 2026,,661,44,Gold,62634,1424,0.06,HIlls
102370,0,DNF,Ethan Damme,,bel,6589.5,0.0,71046.132,0,0,Bot,Bot7683,1253,Gold 3,1253,Gold 3,,Platinum 2,Week 04 | Kuurne Brussel Kuurne,Spring Classics 2026,,661,44,Gold,62634,1424,0.06,HIlls
102370,0,DNF,Harrison Bridges,,nzl,6649.5,0.0,71782.335,0,0,Bot,Bot1174,1230,Gold 3,1230,Gold 3,,Platinum 2,Week 04 | Kuurne Brussel Kuurne,Spring Classics 2026,,661,44,Gold,62634,1424,0.06,HIlls